,player_id,pass_att_total,pass_cmp_total,pass_yds_total,pass_td_total,rush_td_total,rush_att_total,rush_yds_total,targets_total,rec_total,rec_td_total,rec_yds_total,pass_att_weekly,pass_cmp_weekly,pass_yds_weekly,pass_td_weekly,rush_td_weekly,rush_att_weekly,rush_yds_weekly,targets_weekly,rec_weekly,rec_td_weekly,rec_yds_weekly
0,AbduAm00,0,0,0,0,0,2,6,2,2,0,10,0,0,0,0,0,0,0,2,1,0,15
1,AdamDa01,0,0,0,0,0,0,0,9,7,1,92,0,0,0,0,0,0,0,9,5,0,56
2,AdamJo03,0,0,0,0,0,4,19,1,1,0,3,0,0,0,0,1,11,48,2,3,0,14
3,AdamRo01,0,0,0,0,0,0,0,1,1,0,0,0,0,0,0,0,0,0,1,0,0,0
4,AghoNe00,0,0,0,0,0,0,0,4,2,0,40,0,0,0,0,0,0,0,0,0,0,0
5,AgneJa00,0,0,0,0,0,1,6,2,2,0,11,0,0,0,0,0,0,0,1,1,0,12
6,AhmeSa01,0,0,0,0,0,6,23,2,1,0,8,0,0,0,0,0,1,7,0,0,0,0
7,AiyuBr00,0,0,0,0,0,0,2,6,4,0,45,0,0,0,0,0,0,0,6,4,0,57
8,AjayJa00,0,0,0,0,0,3,11,1,1,0,0,0,0,0,0,0,2,5,1,0,0,0
9,AkerCa00,0,0,0,0,0,13,55,2,1,0,12,0,0,0,0,1,21,99,5,2,0,26
10,AkerLa00,0,0,0,0,0,0,0,1,1,0,0,0,0,0,0,0,0,0,1,0,0,0
11,AkinJo00,0,0,0,0,0,0,0,4,2,0,30,0,0,0,0,0,0,0,5,6,2,55
12,AlexMa02,0,0,0,0,0,0,0,0,0,0,2,0,0,0,0,0,0,0,1,1,0,11
13,AlieMo00,0,0,0,0,0,0,0,2,2,0,19,0,0,0,0,0,0,0,1,1,1,4
14,AlixJo00,0,0,0,0,0,0,0,1,1,0,0,0,0,0,0,0,0,0,1,0,0,0
15,AlleBr00,18,11,126,1,0,2,4,0,1,0,0,3,2,27,0,0,3,0,1,0,0,0
16,AlleCh03,0,0,0,0,0,0,0,1,1,0,0,0,0,0,0,0,0,0,0,0,0,0
17,AlleJa01,0,0,0,0,0,2,6,1,1,0,1,0,0,0,0,0,1,5,2,1,0,11
18,AlleJo02,35,22,274,2,0,7,42,1,1,0,0,31,20,184,2,0,9,15,0,0,0,0
19,AlleKe00,0,0,0,0,0,0,0,9,6,0,64,0,0,0,0,0,0,0,10,8,2,112
20,AlleKy00,31,21,204,1,0,2,7,1,1,0,0,37,20,180,1,0,2,1,1,0,0,0
21,AlleMa03,0,0,0,0,0,1,5,1,1,0,0,0,0,0,0,0,1,4,1,0,0,0
22,AlleNi00,0,0,0,0,0,0,0,2,1,1,0,0,0,0,0,0,0,0,1,1,1,0
23,AllgTy00,0,0,0,0,0,13,62,2,1,0,9,0,0,0,0,1,24,117,0,0,0,0
24,AlliGe01,0,0,0,0,0,0,0,3,2,0,17,0,0,0,0,0,0,0,1,0,0,0
25,AmenDa00,0,0,0,0,0,0,0,5,4,0,45,0,0,0,0,0,0,0,9,6,2,110
26,AndeC.00,0,0,0,0,0,8,22,1,1,0,0,0,0,0,0,0,5,9,0,0,0,0
27,AndeRo04,0,0,0,0,0,0,0,7,4,0,49,0,0,0,0,0,0,0,1,1,0,17
28,AndeSt01,0,0,0,0,0,0,0,1,1,0,4,0,0,0,0,0,0,0,0,0,0,0
29,AndrMa00,0,0,0,0,0,0,0,7,5,0,59,0,0,0,0,0,0,0,11,7,0,95
30,AngeBr00,1,1,5,0,0,1,0,1,1,0,0,0,0,0,0,0,1,0,1,0,0,0
31,ArceJJ00,0,0,0,0,0,0,0,1,1,0,6,0,0,0,0,0,0,0,2,0,0,0
32,ArmaAl00,0,0,0,0,0,0,1,1,1,0,0,0,0,0,0,0,0,0,0,0,0,0
33,ArmsRy00,0,0,0,0,0,3,12,1,2,0,8,0,0,0,0,0,9,52,2,2,0,13
34,ArnoDa00,0,0,0,0,0,0,0,3,2,0,25,0,0,0,0,0,0,0,1,0,0,0
35,AsiaDe00,0,0,0,0,0,0,0,1,0,0,2,0,0,0,0,0,0,0,2,1,0,12
36,AtemMa00,0,0,0,0,0,0,0,1,1,0,8,0,0,0,0,0,0,0,5,3,0,40
37,AtweTu00,0,0,0,0,0,1,1,2,1,0,23,0,0,0,0,0,1,10,4,2,0,36
38,AuclAn00,0,0,0,0,0,0,0,1,0,0,2,0,0,0,0,0,0,0,1,1,0,11
39,AustTa00,0,0,0,0,0,0,2,2,1,0,16,0,0,0,0,0,0,0,5,3,0,12
40,BaccAn00,0,0,0,0,0,0,0,1,1,0,5,0,0,0,0,0,0,0,1,1,0,10
41,BachAl00,0,0,0,0,0,0,0,1,1,0,0,0,0,0,0,0,1,0,1,0,0,0
42,BadeJe00,0,0,0,0,0,0,0,1,1,0,0,0,0,0,0,0,0,0,0,0,0,0
43,BadiTy00,0,0,0,0,0,1,0,2,1,0,32,0,0,0,0,0,1,0,1,1,1,31
44,BakhDa00,0,0,0,0,0,0,0,1,1,0,0,0,0,0,0,0,0,0,0,0,0,0
45,BaldDa01,0,0,0,0,0,0,0,2,1,0,22,0,0,0,0,0,0,0,2,2,0,29
46,BallKa00,0,0,0,0,0,6,15,2,1,0,6,0,0,0,0,0,4,14,0,0,0,0
47,BandMi00,0,0,0,0,0,0,0,1,1,0,4,0,0,0,0,0,0,0,0,0,0,0
48,BanjCh00,1,1,30,1,0,0,0,1,1,0,0,1,1,22,1,0,0,0,1,0,0,0
49,BarbPe01,0,0,0,0,0,7,24,1,1,0,4,0,0,0,0,0,6,3,2,1,0,15
50,BargJa00,0,0,0,0,0,0,0,1,1,0,0,0,0,0,0,0,0,0,0,0,0,0
51,BarkMa00,12,8,72,0,0,2,0,1,1,0,0,12,8,105,1,0,3,0,0,0,0,0
52,BarkSa00,0,0,0,0,0,16,70,5,4,0,33,0,0,0,0,0,12,55,3,2,0,0
53,BarnKe00,0,0,0,0,0,1,2,1,1,0,2,0,0,0,0,0,4,1,0,0,0,0
54,BateJo00,0,0,0,0,0,0,0,2,1,0,12,0,0,0,0,0,0,0,0,0,0,0
55,BateRa00,0,0,0,0,0,0,0,6,3,0,48,0,0,0,0,0,0,0,1,0,0,0
56,BatsCa00,0,0,0,0,0,0,2,1,1,0,6,0,0,0,0,0,2,15,0,0,0,0
57,BaugMa02,0,0,0,0,0,0,0,1,1,0,0,0,0,0,0,0,0,0,0,0,0,0
58,BawdNi00,0,0,0,0,0,0,0,0,1,0,2,0,0,0,0,0,0,0,0,0,0,0
59,BaylEv00,0,0,0,0,0,0,0,1,1,0,0,0,0,0,0,0,0,0,0,0,0,0
60,BeasCo00,0,0,0,0,0,0,0,6,5,0,53,0,0,0,0,0,0,0,1,1,0,13
61,BeatC.00,10,6,61,0,0,1,2,1,1,0,0,8,4,32,0,0,0,0,0,0,0,0
62,BeckAn01,0,0,0,0,0,0,0,1,1,0,3,0,0,0,0,0,0,0,0,0,0,0
63,BeckNa00,0,0,0,0,0,0,0,1,1,0,0,0,0,0,0,0,0,0,0,0,0,0
64,BeckOd00,0,1,2,0,0,0,2,7,4,0,45,0,0,0,0,0,0,0,3,2,1,46
65,BeebCh00,0,0,0,0,0,0,0,2,1,0,19,0,0,0,0,0,0,0,2,2,1,54
66,BegeRe00,0,0,0,0,0,0,0,1,1,0,0,0,0,0,0,0,0,0,0,0,0,0
67,BellBl00,0,0,0,0,0,0,0,1,1,0,4,0,0,0,0,0,0,0,1,1,0,5
68,BellDa00,0,0,0,0,0,0,0,3,3,0,32,0,0,0,0,0,0,0,4,3,0,41
69,BellDa02,0,0,0,0,0,0,0,2,1,0,12,0,0,0,0,0,0,0,1,0,0,0
70,BellJo02,0,0,0,0,0,0,0,1,1,0,4,0,0,0,0,0,0,0,0,0,0,0
71,BellLe00,0,0,0,0,0,10,37,3,3,0,19,0,0,0,0,0,3,13,1,1,1,0
72,BellLe02,0,0,0,0,0,2,6,1,1,0,3,0,0,0,0,0,1,0,0,0,0,0
73,BellNi01,0,0,0,0,0,0,0,1,0,0,1,0,0,0,0,0,1,3,0,0,0,0
74,BenjEn00,0,0,0,0,0,5,20,1,2,0,11,0,0,0,0,0,2,3,1,0,0,0
75,BenjTr00,0,0,0,0,0,0,0,2,1,0,3,0,0,0,0,0,0,0,0,0,0,0
76,BenkKu01,0,0,0,0,0,2,0,1,1,0,0,0,0,0,0,0,2,0,0,0,0,0
77,BensTr00,0,0,0,0,0,0,0,2,1,0,8,0,0,0,0,0,0,0,0,0,0,0
78,BernGi00,0,0,0,0,0,4,16,3,3,0,23,0,0,0,0,0,7,26,2,1,0,5
79,BernJa00,0,0,0,0,0,0,0,1,1,0,0,0,0,0,0,0,0,0,0,0,0,0
80,BerrBr00,0,0,0,0,0,0,2,3,2,0,24,0,0,0,0,0,0,0,0,0,0,0
81,BerrJo00,0,0,0,0,0,1,0,1,1,0,0,0,0,0,0,0,1,0,0,0,0,0
82,BerrSt00,0,0,0,0,0,0,0,1,1,0,0,0,0,0,0,0,0,0,0,0,0,0
83,BlacRa00,0,0,0,0,0,2,7,1,1,0,7,0,0,0,0,0,1,1,0,0,0,0
84,BlacTa00,0,0,0,0,0,0,0,4,1,0,12,0,0,0,0,0,0,0,2,1,0,15
85,BlakCh00,0,0,0,0,0,0,0,1,1,0,4,0,0,0,0,0,0,0,0,0,0,0
86,BlanKe01,0,0,0,0,0,0,0,1,1,0,5,0,0,0,0,0,0,0,0,0,0,0
87,BlasKh00,0,0,0,0,0,0,0,0,0,0,2,0,0,0,0,0,0,0,0,0,0,0
88,BlouDa00,27,15,172,1,0,2,7,1,0,0,2,18,13,162,0,0,2,0,0,0,0,0
89,BoarC.00,0,0,0,0,0,0,0,1,1,0,7,0,0,0,0,0,0,0,1,1,0,10
90,BojoCo00,1,0,0,0,0,0,0,1,1,0,0,1,0,0,0,0,0,0,0,0,0,0
91,BoldBr00,0,0,0,0,0,2,9,2,2,0,17,0,0,0,0,0,8,32,0,0,0,0
92,BonnRe00,0,0,0,0,0,2,15,1,1,0,5,0,0,0,0,0,3,8,0,0,0,0
93,BookDe00,0,0,0,0,0,6,27,2,2,0,12,0,0,0,0,0,8,15,2,2,0,12
94,BookIa00,24,11,131,0,0,3,6,1,1,0,0,24,12,123,0,0,3,6,1,0,0,0
95,BoonMi00,0,0,0,0,0,3,19,1,1,0,4,0,0,0,0,0,3,2,2,2,0,29
96,BortBl00,1,1,2,0,0,1,0,1,1,0,0,2,1,2,0,0,1,0,1,0,0,0
97,BoswCh00,1,0,0,0,0,0,0,1,1,0,0,1,0,0,0,0,0,0,0,0,0,0
98,BourKe00,0,0,0,0,0,0,2,4,3,0,44,0,0,0,0,0,0,0,5,4,0,43
99,BowdLy00,0,1,3,0,0,1,3,3,3,0,16,0,0,0,0,0,0,0,0,0,0,0
100,BoweNi00,0,0,0,0,0,0,0,1,1,0,0,0,0,0,0,0,0,0,0,0,0,0
101,BoydTy00,0,1,1,0,0,0,1,6,4,0,45,0,0,0,0,0,0,0,7,4,0,58
102,BoykMi00,0,0,0,0,0,0,0,2,1,0,7,0,0,0,0,0,0,0,0,0,0,0
103,BoylNi00,0,0,0,0,0,0,0,2,1,0,10,0,0,0,0,0,0,0,0,0,0,0
104,BoylTi00,6,4,26,0,0,2,0,1,1,0,0,7,3,22,0,0,2,0,0,0,0,0
105,BradDa00,0,0,0,0,0,0,0,1,1,0,0,0,0,0,0,0,0,0,0,0,0,0
106,BradGa00,0,0,0,0,0,0,0,2,1,0,5,0,0,0,0,0,0,0,2,1,0,25
107,BradJa01,0,0,0,0,0,0,0,3,1,0,19,0,0,0,0,0,0,0,0,0,0,0
108,BradTo00,40,26,299,2,0,2,2,1,1,0,0,16,10,118,1,0,0,0,0,0,0,0
109,BratCa00,0,0,0,0,0,0,0,3,2,0,22,0,0,0,0,0,0,0,0,0,0,0
110,BrauBe00,0,0,0,0,0,0,0,2,1,0,6,0,0,0,0,0,0,0,4,2,0,12
111,BrayTy00,4,2,19,0,0,0,0,1,1,0,0,5,3,23,0,0,0,0,0,0,0,0
112,BreeDr00,33,24,277,2,0,2,0,1,1,0,0,32,18,156,1,0,2,3,0,0,0,0
113,BreiMa00,0,0,0,0,0,6,26,1,1,0,9,0,0,0,0,0,4,25,9,5,0,29
114,BrewAa01,0,0,0,0,0,0,0,1,1,0,0,0,0,0,0,0,0,0,0,0,0,0
115,BridTe00,27,18,201,1,0,2,11,1,1,0,0,19,12,130,1,0,1,6,0,0,0,0
116,BrigGa00,0,0,0,0,0,2,10,1,1,0,2,0,0,0,0,0,11,60,2,2,0,4
117,BrisJa00,20,12,135,1,0,3,11,1,1,0,0,0,0,0,0,0,1,2,0,0,0,0
118,BrooTo01,0,0,0,0,0,3,3,1,1,0,0,0,0,0,0,0,3,5,0,0,0,0
119,BrowAJ00,0,0,0,0,0,0,1,7,4,0,65,0,0,0,0,0,0,0,8,5,0,59
120,BrowAn04,0,0,0,0,0,0,2,8,5,0,61,0,0,0,0,0,0,0,4,3,0,30
121,BrowAn06,24,14,123,0,0,2,0,1,1,0,0,41,23,175,0,0,0,0,0,0,0,0
122,BrowDa04,0,0,0,0,0,0,0,1,1,0,4,0,0,0,0,0,0,0,2,2,0,32
123,BrowDy00,0,0,0,0,0,0,0,2,1,0,8,0,0,0,0,0,0,0,0,0,0,0
124,BrowFr01,0,0,0,0,0,0,0,1,0,0,1,0,0,0,0,0,0,0,0,0,0,0
125,BrowJa03,0,0,0,0,0,0,0,2,1,0,17,0,0,0,0,0,0,0,0,0,0,0
126,BrowJo02,0,1,1,0,0,0,0,6,3,0,38,0,0,0,0,0,0,0,2,1,1,52
127,BrowMa03,0,0,0,0,0,5,20,1,1,0,4,0,0,0,0,1,1,21,0,0,0,0
128,BrowMa04,0,0,0,0,0,0,0,8,4,0,45,0,0,0,0,0,0,0,5,1,0,11
129,BrowNo00,0,0,0,0,0,0,0,3,2,0,18,0,0,0,0,0,0,0,4,1,0,15
130,BrowPh01,0,0,0,0,0,0,0,2,1,0,7,0,0,0,0,0,0,0,0,0,0,0
131,BrowSp01,0,0,0,0,0,4,23,3,1,0,7,0,0,0,0,0,3,16,3,2,0,11
132,BrowTo03,0,0,0,0,0,0,0,1,1,0,0,0,0,0,0,0,0,0,0,0,0,0
133,BryaDe01,0,0,0,0,0,0,0,2,1,0,4,0,0,0,0,0,0,0,0,0,0,0
134,BryaHa00,0,0,0,0,0,0,0,2,2,0,17,0,0,0,0,0,0,0,2,2,0,25
135,BryaHu02,0,0,0,0,0,0,0,1,1,0,9,0,0,0,0,0,0,0,1,0,0,0
136,BryaVe00,0,0,0,0,0,0,0,1,0,0,1,0,0,0,0,0,0,0,0,0,0,0
137,BuntIa00,0,0,0,0,0,0,0,1,1,0,0,0,0,0,0,0,0,0,0,0,0,0
138,BurkRe00,0,0,0,0,0,5,20,2,2,0,18,0,0,0,0,0,0,0,2,1,0,0
139,BurkTr00,0,0,0,0,0,0,5,5,3,0,45,0,0,0,0,0,0,0,6,4,0,26
140,BurnDe00,0,0,0,0,0,0,0,2,1,0,16,0,0,0,0,0,0,0,0,0,0,0
141,BurrJo01,37,25,279,2,0,4,12,1,1,0,0,42,23,189,1,0,3,9,0,0,0,0
142,BurtMi00,0,0,0,0,0,0,1,1,0,0,1,0,0,0,0,0,0,0,0,0,0,0
143,BurtTr01,0,0,0,0,0,0,0,3,2,0,21,0,0,0,0,0,0,0,4,3,0,32
144,BushMa00,0,0,0,0,0,0,0,1,1,0,0,0,0,0,0,0,0,0,0,0,0,0
145,ButlHa00,0,0,0,0,0,0,0,1,1,0,0,0,0,0,0,0,0,0,0,0,0,0
146,ButtJa00,0,0,0,0,0,0,0,1,1,0,1,0,0,0,0,0,0,0,0,0,0,0
147,ByarKe01,0,0,0,0,0,0,0,2,1,0,12,0,0,0,0,0,0,0,1,1,0,15
148,ByrdDa00,0,0,0,0,0,0,0,3,2,0,29,0,0,0,0,0,0,0,1,1,0,0
149,CabiJa00,0,0,0,0,0,0,1,0,1,0,1,0,0,0,0,0,0,0,0,0,0,0
150,CageLa01,0,0,0,0,0,0,0,2,2,0,17,0,0,0,0,0,0,0,10,7,0,57
151,CainDe00,0,0,0,0,0,0,0,1,1,0,7,0,0,0,0,0,0,0,0,0,0,0
152,CalcGr00,0,0,0,0,0,0,0,1,1,0,5,0,0,0,0,0,0,0,0,0,0,0
153,CallAn00,0,0,0,0,0,0,0,2,1,0,11,0,0,0,0,0,0,0,1,0,0,0
154,CallMa01,0,0,0,0,0,0,0,4,2,0,30,0,0,0,0,0,0,0,1,0,0,0
155,CampJa03,0,0,0,0,0,0,0,1,0,0,1,0,0,0,0,0,0,0,0,0,0,0
156,CampPa00,0,0,0,0,0,0,3,5,3,0,37,0,0,0,0,0,1,24,9,5,0,51
157,CampTe00,0,0,0,0,0,0,0,1,1,0,0,0,0,0,0,0,0,0,0,0,0,0
158,CannTr00,0,0,0,0,0,1,3,1,0,0,2,0,0,0,0,0,0,0,0,0,0,0
159,CarlSt00,0,0,0,0,0,0,0,1,1,0,3,0,0,0,0,0,0,0,0,0,0,0
160,CarrAu00,0,0,0,0,0,0,0,1,1,0,3,0,0,0,0,0,0,0,1,1,1,17
161,CarrDe00,0,0,0,0,0,0,1,1,1,0,4,0,0,0,0,0,0,0,0,0,0,0
162,CarrDe02,34,22,252,2,0,2,7,1,1,0,0,30,15,163,1,0,3,13,1,0,0,0
163,CarsCh00,0,0,0,0,0,15,69,3,2,0,21,0,0,0,0,0,13,31,1,1,0,0
164,CarsTr01,0,0,0,0,0,9,25,2,2,0,8,0,0,0,0,0,12,35,0,0,0,0
165,CartCe00,0,0,0,0,0,0,0,1,1,0,2,0,0,0,0,0,0,0,0,0,0,0
166,CartDe02,0,0,0,0,0,0,1,3,2,0,22,0,0,0,0,0,0,0,5,3,0,39
167,CartMi03,0,0,0,0,0,8,36,3,3,0,25,0,0,0,0,0,3,4,2,2,0,9
168,CartRo03,0,0,0,0,0,0,0,1,1,0,0,0,0,0,0,0,0,0,0,0,0,0
169,CartTo01,0,0,0,0,0,0,0,1,1,0,0,0,0,0,0,0,0,0,0,0,0,0
170,CeleGa00,0,0,0,0,0,0,0,1,1,0,0,0,0,0,0,0,0,0,0,0,0,0
171,CephQu00,0,0,0,0,0,0,0,3,2,0,32,0,0,0,0,0,0,0,2,2,0,20
172,ChanSe00,0,0,0,0,0,1,8,1,1,0,0,0,0,0,0,0,1,3,0,0,0,0
173,ChanTy01,0,0,0,0,0,6,21,1,1,0,0,0,0,0,0,0,6,21,0,0,0,0
174,CharDJ00,0,0,0,0,0,0,0,7,3,0,45,0,0,0,0,0,0,0,5,3,0,20
175,CharJo01,1,1,12,0,0,0,0,1,1,0,0,0,0,0,0,0,0,0,0,0,0,0
176,ChasJa00,0,0,0,0,0,1,2,9,6,0,72,0,0,0,0,0,0,0,11,7,1,55
177,ChesJu00,0,0,0,0,0,2,2,1,1,0,9,0,0,0,0,0,4,0,1,1,0,33
178,ChinJe00,0,0,0,0,0,1,15,1,1,0,0,0,0,0,0,0,1,25,0,0,0,0
179,ChisDa00,0,0,0,0,0,0,0,1,1,0,0,0,0,0,0,0,0,0,0,0,0,0
180,ChubNi00,0,0,0,0,1,17,93,2,2,0,18,0,0,0,0,1,12,65,6,5,1,46
181,ClayCh00,0,0,0,0,0,0,0,2,1,0,16,0,0,0,0,0,0,0,1,1,0,20
182,ClayCh01,0,0,0,0,0,1,3,6,3,0,40,0,0,0,0,0,0,0,6,2,0,33
183,ClemCo00,0,0,0,0,0,3,10,1,1,0,3,0,0,0,0,1,8,23,4,3,0,34
184,ClevTy00,0,0,0,0,0,0,0,2,1,0,3,0,0,0,0,0,0,0,2,0,0,0
185,CobbRa00,0,0,0,0,0,0,0,4,3,0,47,0,0,0,0,0,0,0,2,2,0,17
186,CoheTa00,0,0,0,0,0,4,16,6,4,0,33,0,0,0,0,0,2,21,5,3,0,42
187,ColeAJ01,0,0,0,0,0,1,0,1,1,0,0,0,0,0,0,0,1,0,0,0,0,0
188,ColeKe00,0,0,0,0,0,0,0,4,2,0,32,0,0,0,0,0,0,0,2,1,0,7
189,ColeTe01,0,0,0,0,0,8,31,1,1,0,8,0,0,0,0,0,4,3,0,0,0,0
190,CollAl00,0,0,0,0,0,9,36,1,1,0,6,0,0,0,0,0,7,16,1,1,0,0
191,CollNi00,0,0,0,0,0,0,0,5,3,0,41,0,0,0,0,0,0,0,9,5,1,49
192,ColqDu20,1,0,0,0,0,0,0,1,1,0,0,1,0,0,0,0,0,0,0,0,0,0
193,ConkJa00,0,0,0,0,0,0,0,2,1,0,0,0,0,0,0,0,0,0,0,0,0,0
194,ConkTy00,0,0,0,0,0,0,0,3,2,0,21,0,0,0,0,0,0,0,4,2,0,19
195,ConlCh00,0,0,0,0,0,0,0,4,2,0,33,0,0,0,0,0,0,0,0,0,0,0
196,ConnJa00,0,0,0,0,1,13,56,4,2,0,26,0,0,0,0,0,16,66,4,2,0,32
197,ConnSn00,0,0,0,0,0,2,5,1,1,0,0,0,0,0,0,0,0,0,0,0,0,0
198,ConnTa00,0,0,0,0,0,0,0,1,1,0,0,0,0,0,0,0,0,0,0,0,0,0
199,CookBr00,0,0,0,0,0,0,1,7,4,0,45,0,0,0,0,0,0,0,8,4,1,109
200,CookDa01,0,0,0,0,1,18,89,4,3,0,27,0,0,0,0,0,11,35,1,1,0,0
201,CookJa01,0,0,0,0,0,6,33,2,2,0,11,0,0,0,0,0,9,42,2,2,0,8
202,CookJa02,0,0,0,0,0,0,0,5,3,0,37,0,0,0,0,0,0,0,7,4,0,58
203,CookLo00,1,1,5,0,0,0,0,1,1,0,0,1,1,6,0,0,0,0,0,0,0,0
204,CoopAm00,0,0,0,0,0,0,0,7,4,0,61,0,0,0,0,0,0,0,3,2,0,49
205,CoopPh00,0,0,0,0,0,0,1,1,1,0,7,0,0,0,0,0,2,7,2,2,0,5
206,CoreCo00,0,0,0,0,0,0,0,1,1,0,1,0,0,0,0,0,0,0,0,0,0,0
207,CottJe00,0,0,0,0,0,0,0,1,1,0,0,0,0,0,0,0,0,0,0,0,0,0
208,CottNa00,0,0,0,0,0,1,1,1,1,0,0,0,0,0,0,0,1,3,0,0,0,0
209,CoulIs00,0,0,0,0,0,0,0,1,1,0,0,0,0,0,0,0,0,0,1,0,0,0
210,CousKi00,33,23,262,2,0,2,6,1,1,0,0,19,14,177,1,0,0,0,0,0,0,0
211,CoutKe00,0,0,0,0,0,0,1,3,3,0,37,0,0,0,0,0,0,0,1,1,0,17
212,CoveBr00,0,0,0,0,0,0,0,1,1,0,0,0,0,0,0,0,0,0,0,0,0,0
213,CoxxCh01,0,0,0,0,0,0,0,1,1,0,0,0,0,0,0,0,0,0,0,0,0,0
214,CoxxJe00,0,0,0,0,0,0,0,1,1,0,0,0,0,0,0,0,0,0,0,0,0,0
215,CrabMi00,0,0,0,0,0,0,0,3,2,0,10,0,0,0,0,0,0,0,2,2,0,14
216,CracRi00,0,0,0,0,0,0,0,1,1,0,4,0,0,0,0,0,0,0,1,1,0,7
217,CrocDa01,0,0,0,0,0,2,4,1,1,0,0,0,0,0,0,0,0,0,0,0,0,0
218,CrooJa00,0,0,0,0,0,0,0,0,1,0,0,0,0,0,0,0,0,0,0,0,0,0
219,CrosKe00,0,0,0,0,0,0,0,1,1,0,0,0,0,0,0,0,0,0,0,0,0,0
220,CrowJa00,0,1,1,0,0,0,0,6,4,0,42,0,0,0,0,0,0,0,2,1,0,11
221,CruiDa00,0,0,0,0,0,0,0,1,1,0,0,0,0,0,0,0,0,0,1,0,0,0
222,CulkSe00,0,0,0,0,0,0,0,1,0,0,2,0,0,0,0,0,0,0,0,0,0,0
223,CunnJe00,0,0,0,0,0,0,0,1,1,0,0,0,0,0,0,0,0,0,0,0,0,0
224,DafnDo00,0,0,0,0,0,0,0,1,1,0,3,0,0,0,0,0,0,0,1,0,0,0
225,DallDe00,0,0,0,0,0,3,12,1,2,0,10,0,0,0,0,0,2,28,1,0,0,0
226,DaltAn00,32,21,211,1,0,3,6,1,1,0,0,25,14,171,1,0,1,2,0,0,0,0
227,DaniCh00,11,6,63,0,0,2,2,1,1,0,0,7,4,32,1,0,1,4,0,0,0,0
228,DaniDa02,0,0,0,0,0,0,0,1,1,0,2,0,0,0,0,0,0,0,2,2,0,6
229,DarbFr00,0,0,0,0,0,0,0,1,1,0,3,0,0,0,0,0,0,0,1,1,0,19
230,DardJa00,0,0,0,0,0,0,1,1,1,0,4,0,0,0,0,0,0,0,0,0,0,0
231,DarnSa00,31,19,206,1,0,3,15,1,1,0,0,15,6,61,0,0,6,32,1,0,0,0
232,DaviAs00,0,0,0,0,0,1,2,1,1,0,0,0,0,0,0,0,1,2,0,0,0,0
233,DaviCo02,0,0,0,0,0,0,0,2,1,0,5,0,0,0,0,0,0,0,1,1,0,11
234,DaviCo03,0,0,0,0,0,0,0,6,3,0,37,0,0,0,0,0,0,0,2,1,0,21
235,DaviDa03,0,0,0,0,0,0,0,1,0,0,4,0,0,0,0,0,0,0,1,1,0,21
236,DaviGa01,0,0,0,0,0,0,0,5,2,0,41,0,0,0,0,0,0,0,9,3,0,43
237,DaviGe00,0,0,0,0,0,0,0,1,1,0,6,0,0,0,0,0,0,0,0,0,0,0
238,DaviMa02,0,0,0,0,0,6,24,1,1,0,6,0,0,0,0,0,5,19,0,0,0,0
239,DaviMi01,0,0,0,0,0,7,27,3,3,0,15,0,0,0,0,0,0,0,1,0,0,0
240,DaviRa01,0,0,0,0,0,0,0,2,1,0,14,0,0,0,0,0,0,0,1,1,0,20
241,DaviRo00,0,0,0,0,0,0,0,1,0,0,2,0,0,0,0,0,0,0,0,0,0,0
242,DaviTr03,0,0,0,0,0,0,8,1,1,0,9,0,0,0,0,0,1,0,0,0,0,0
243,DaviTy02,0,0,0,0,0,0,0,1,1,0,2,0,0,0,0,0,0,0,0,0,0,0
244,DaviTy03,0,0,0,0,0,6,17,1,1,0,0,0,0,0,0,0,8,25,0,0,0,0
245,DaviVe00,0,0,0,0,0,0,0,4,3,0,37,0,0,0,0,0,0,0,3,1,0,7
246,DawkDa01,0,0,0,0,0,6,13,1,1,0,0,0,0,0,0,0,9,23,1,0,0,0
247,DawkDi00,0,0,0,0,0,0,0,1,1,0,0,0,0,0,0,0,0,0,0,0,0,0
248,DeckTa00,0,0,0,0,0,0,0,2,1,0,2,0,0,0,0,0,0,0,2,1,1,7
249,DeguJo00,0,0,0,0,0,0,0,2,1,0,10,0,0,0,0,0,0,0,0,0,0,0
250,DeitMi00,0,0,0,0,0,0,0,2,1,0,0,0,0,0,0,0,0,0,2,1,0,0
251,DevaSe00,0,0,0,0,0,0,0,2,1,0,6,0,0,0,0,0,0,0,1,0,0,0
252,DeveJa00,0,0,0,0,0,1,1,1,1,0,0,0,0,0,0,0,2,3,1,0,0,0
253,DiMaPa00,0,0,0,0,0,0,0,1,0,0,2,0,0,0,0,0,0,0,1,0,0,0
254,DiNuBe00,21,13,115,0,0,3,12,1,1,0,0,39,20,162,0,0,5,20,0,0,0,0
255,DickGa00,0,0,0,0,0,0,0,1,1,0,0,0,0,0,0,0,0,0,0,0,0,0
256,DickMi00,0,0,0,0,0,1,0,1,1,0,0,0,0,0,0,0,1,0,0,0,0,0
257,DietGe00,0,0,0,0,0,0,0,1,0,0,2,0,0,0,0,0,0,0,0,0,0,0
258,DiggSt00,0,0,0,0,0,0,1,9,6,0,72,0,0,0,0,0,0,0,10,6,1,125
259,DillAJ00,0,0,0,0,0,9,44,1,2,0,11,0,0,0,0,0,9,34,1,1,0,0
260,DillBr00,0,0,0,0,0,0,0,1,0,0,2,0,0,0,0,0,0,0,0,0,0,0
261,DissWi00,0,0,0,0,0,0,0,2,2,0,27,0,0,0,0,0,0,0,1,1,0,22
262,DixoRi00,1,1,4,0,0,0,0,1,1,0,0,1,1,6,0,0,0,0,0,0,0,0
263,DobbJK00,0,0,0,0,0,9,58,2,1,0,8,0,0,0,0,0,17,68,0,0,0,0
264,DobbJo00,24,15,148,1,0,3,22,1,1,0,0,30,18,169,1,0,4,30,0,0,0,0
265,DoctJo00,0,0,0,0,0,0,0,1,1,0,0,0,0,0,0,0,0,0,0,0,0,0
266,DorsPh00,0,0,0,0,0,0,1,3,2,0,26,0,0,0,0,0,0,0,5,3,0,20
267,DortGr01,0,0,0,0,0,0,3,3,3,0,28,0,0,0,0,0,2,16,5,3,0,29
268,DossKe00,0,0,0,0,0,0,0,2,1,0,12,0,0,0,0,0,0,0,0,0,0,0
269,DotsJa00,0,0,0,0,0,0,0,6,3,0,43,0,0,0,0,0,0,0,5,3,0,58
270,DoubRo00,0,0,0,0,0,0,1,6,3,0,42,0,0,0,0,0,0,0,2,0,0,0
271,DowdRi01,0,0,0,0,0,1,3,1,1,0,0,0,0,0,0,0,0,0,0,0,0,0
272,DoylJa00,0,0,0,0,0,0,0,3,3,0,27,0,0,0,0,0,0,0,1,1,0,15
273,DoylTo00,0,0,0,0,0,0,0,2,1,1,0,0,0,0,0,0,0,0,1,1,1,0
274,DrakKe00,0,0,0,0,0,11,49,3,3,0,19,0,0,0,0,1,16,56,3,4,0,19
275,DrisJe00,14,8,100,1,0,4,20,1,0,0,0,2,1,13,0,0,3,7,0,0,0,0
276,DulcGr00,0,0,0,0,0,0,0,5,3,0,49,0,0,0,0,0,0,0,7,5,1,47
277,DuliAs00,0,0,0,0,0,0,1,1,1,0,7,0,0,0,0,0,0,0,0,0,0,0
278,DuveDe00,0,0,0,0,0,1,4,3,2,0,24,0,0,0,0,0,0,0,3,3,0,31
279,DwelRo00,0,0,0,0,0,0,0,1,1,0,6,0,0,0,0,0,0,0,0,0,0,0
280,EasoJa00,4,3,39,0,0,0,0,1,1,0,0,5,4,59,0,0,0,0,0,0,0,0
281,EbneTr00,0,0,0,0,0,2,4,1,1,0,0,0,0,0,0,0,0,0,0,0,0,0
282,EbroEr00,0,0,0,0,0,0,0,5,3,0,37,0,0,0,0,0,0,0,3,3,1,25
283,EdelJu00,0,1,3,0,0,1,3,8,5,0,59,0,0,0,0,0,0,0,3,1,0,17
284,EdmoCh00,0,0,0,0,0,7,33,4,2,0,22,0,0,0,0,0,9,47,0,0,0,0
285,EdmuTr00,0,0,0,0,0,2,8,1,1,0,2,0,0,0,0,0,0,0,0,0,0,0
286,EdwaBr01,0,0,0,0,0,0,0,3,2,0,24,0,0,0,0,0,0,0,0,0,0,0
287,EdwaCl00,0,0,0,0,0,10,51,2,3,0,19,0,0,0,0,0,2,8,0,0,0,0
288,EdwaGu00,0,0,0,0,0,9,46,1,1,0,4,0,0,0,0,0,4,15,0,0,0,0
289,EhliSa00,16,7,91,0,0,3,14,1,1,0,0,35,20,186,1,0,5,20,0,0,0,0
290,EifeTy00,0,0,0,0,0,0,0,4,3,0,32,0,0,0,0,0,0,0,1,1,0,15
291,EkelAu00,0,0,0,0,0,11,52,8,5,0,52,0,0,0,0,0,11,33,5,3,0,40
292,ElleBe00,0,0,0,0,0,0,0,1,1,0,2,0,0,0,0,0,0,0,0,0,0,0
293,ElliAl01,0,0,0,0,0,0,0,1,1,0,0,0,0,0,0,0,0,0,0,0,0,0
294,ElliEz00,0,0,0,0,1,16,71,4,3,0,19,0,0,0,0,0,8,10,0,1,0,0
295,ElliJa03,1,0,0,0,0,0,0,1,1,0,0,1,0,0,0,0,0,0,0,0,0,0
296,ElliRh00,0,0,0,0,0,0,0,2,2,0,19,0,0,0,0,0,0,0,4,3,0,44
297,EngrEv00,0,0,0,0,0,0,1,6,4,0,49,0,0,0,0,0,0,0,5,3,0,28
298,EnunQu00,0,0,0,0,0,0,0,4,0,0,7,0,0,0,0,0,0,0,3,1,0,3
299,EricAl01,0,0,0,0,0,0,1,2,1,0,14,0,0,0,0,0,0,0,0,0,0,0
300,ErtzZa00,0,0,0,0,0,0,0,7,4,0,37,0,0,0,0,0,0,0,1,1,0,17
301,ErviTy00,0,0,0,0,0,1,6,1,1,0,5,0,0,0,0,0,0,0,0,0,0,0
302,EskrDW00,0,0,0,0,0,0,3,1,1,0,4,0,0,0,0,0,0,0,1,0,0,0
303,EtieTr00,0,0,0,0,0,13,70,2,2,0,20,0,0,0,0,0,7,16,2,2,0,14
304,EvanCh02,0,0,0,0,0,1,3,1,1,0,6,0,0,0,0,0,0,0,1,1,1,9
305,EvanDa02,0,0,0,0,0,3,12,1,1,0,6,0,0,0,0,0,2,8,0,0,0,0
306,EvanMi00,0,0,0,0,0,0,0,8,4,0,67,0,0,0,0,0,0,0,12,7,2,163
307,EverGe00,0,0,0,0,0,0,0,4,3,0,38,0,0,0,0,0,0,0,5,3,1,20
308,EzukEr00,0,0,0,0,0,0,0,2,1,0,2,0,0,0,0,0,0,0,1,1,0,4
309,FaleDa00,0,0,0,0,0,0,0,1,1,0,0,0,0,0,0,0,0,0,0,0,0,0
310,FalkLu00,25,15,141,0,0,0,0,1,1,0,0,29,14,119,0,0,0,0,0,0,0,0
311,FantGe00,0,0,0,0,0,0,0,1,1,0,0,0,0,0,0,0,0,0,1,0,0,0
312,FantNo00,0,0,0,0,0,0,0,5,4,0,44,0,0,0,0,0,0,0,5,3,0,25
313,FarlMa00,1,1,3,0,0,1,0,1,1,0,0,0,0,0,0,0,1,0,0,0,0,0
314,FarrLu00,0,0,0,0,0,0,0,1,0,0,3,0,0,0,0,0,0,0,1,1,0,15
315,FehoSi00,0,0,0,0,0,0,0,1,1,0,3,0,0,0,0,0,0,0,0,0,0,0
316,FejeCl00,0,0,0,0,0,1,6,1,1,0,0,0,0,0,0,0,1,0,0,0,0,0
317,FellDa01,0,0,0,0,0,0,0,2,2,0,22,0,0,0,0,0,0,0,0,0,0,0
318,FeltDe00,0,0,0,0,0,0,1,1,1,0,11,0,0,0,0,0,0,0,1,1,0,7
319,FergJa00,0,0,0,0,0,0,0,1,1,0,15,0,0,0,0,0,0,0,1,1,0,7
320,FergJo02,0,0,0,0,0,3,10,1,1,0,0,0,0,0,0,0,3,8,0,0,0,0
321,FernEt00,0,0,0,0,0,0,0,1,1,0,0,0,0,0,0,0,0,0,0,0,0,0
322,FfreMa00,0,0,0,0,0,1,3,1,1,0,0,0,0,0,0,0,1,3,0,0,0,0
323,FielJu00,22,13,162,1,0,8,59,1,1,0,0,24,11,59,1,0,10,123,0,0,0,0
324,FinlRy00,16,10,108,0,0,4,21,1,1,0,0,14,8,84,1,1,11,45,0,0,0,0
325,FirkAn00,0,0,0,0,0,0,0,2,2,0,19,0,0,0,0,0,0,0,1,1,0,15
326,FishEr00,0,0,0,0,0,0,0,2,1,1,1,0,0,0,0,0,0,0,2,1,1,3
327,FitzDe00,0,0,0,0,0,0,0,2,1,0,10,0,0,0,0,0,0,0,0,0,0,0
328,FitzLa00,0,0,0,0,0,0,0,6,5,0,48,0,0,0,0,0,0,0,8,5,0,40
329,FitzRy00,30,20,253,2,0,4,16,1,1,0,0,6,3,19,0,0,1,2,0,0,0,0
330,FlacJo00,31,20,207,1,0,2,3,1,1,0,0,32,18,163,0,0,0,0,0,0,0,0
331,FlueDa00,0,0,0,0,0,0,0,1,1,0,0,0,0,0,0,0,0,0,0,0,0,0
332,FoleNi00,31,19,205,1,0,2,2,1,1,0,0,14,7,111,0,0,1,8,0,0,0,0
333,FordIs00,0,0,0,0,0,0,0,3,2,0,21,0,0,0,0,0,0,0,0,0,0,0
334,FordJe00,0,0,0,0,0,4,6,1,1,0,0,0,0,0,0,0,5,11,0,0,0,0
335,ForeDO00,0,0,0,0,0,11,65,1,1,0,4,0,0,0,0,0,12,66,0,0,0,0
336,ForrMi00,0,0,0,0,0,0,0,0,1,0,0,0,0,0,0,0,0,0,0,0,0,0
337,FortJo01,0,0,0,0,0,0,0,1,1,0,7,0,0,0,0,0,0,0,0,0,0,0
338,FostD.01,0,0,0,0,0,1,0,1,0,0,2,0,0,0,0,0,0,0,0,0,0,0
339,FostRo01,0,0,0,0,0,0,2,1,1,0,7,0,0,0,0,0,0,0,2,1,0,33
340,FounDa00,0,0,0,0,0,0,0,1,0,0,1,0,0,0,0,0,0,0,0,0,0,0
341,FourLe00,0,0,0,0,0,12,57,6,4,0,36,0,0,0,0,0,0,0,1,1,0,7
342,FowlBe00,0,0,0,0,0,0,1,3,2,0,15,0,0,0,0,0,0,0,3,2,0,18
343,FoxxJa01,1,1,11,0,0,0,0,1,1,0,0,1,1,6,0,0,0,0,0,0,0,0
344,FranFe00,0,0,0,0,0,0,0,1,1,0,0,0,0,0,0,0,0,0,0,0,0,0
345,FranJo03,0,0,0,0,0,0,0,1,1,0,0,0,0,0,0,0,0,0,0,0,0,0
346,FranJo04,0,0,0,0,0,1,11,1,1,0,0,0,0,0,0,0,1,10,0,0,0,0
347,FreeDe00,0,0,0,0,0,10,42,3,3,0,19,0,0,0,0,0,5,20,2,1,0,9
348,FreeRo00,0,0,0,0,0,6,21,1,2,0,9,0,0,0,0,0,7,16,1,1,0,2
349,FreiPa00,0,0,0,0,0,0,0,5,3,0,36,0,0,0,0,0,0,0,2,0,0,0
350,FromJa00,19,9,98,0,0,3,23,1,1,0,0,30,15,150,0,0,5,56,0,0,0,0
351,FulgTr00,0,0,0,0,0,0,0,4,3,0,39,0,0,0,0,0,0,0,0,0,0,0
352,FullAa01,0,0,0,0,0,0,0,1,1,0,0,0,0,0,0,0,0,0,0,0,0,0
353,FullWi01,0,0,0,0,0,0,0,7,4,0,60,0,0,0,0,0,0,0,2,1,0,9
354,FumaTr00,0,0,0,0,0,0,0,1,1,0,4,0,0,0,0,0,0,0,3,2,1,26
355,FuncDe00,0,0,0,0,0,0,0,6,3,0,28,0,0,0,0,0,0,0,5,3,0,37
356,FunkJa00,0,0,0,0,0,1,1,1,1,0,0,0,0,0,0,0,0,0,0,0,0,0
357,GabbBl00,3,2,15,0,0,2,1,1,1,0,0,7,5,42,1,0,0,0,0,0,0,0
358,GabrTa00,0,0,0,0,0,0,3,5,3,0,42,0,0,0,0,0,0,0,3,2,0,26
359,GaffRi00,0,0,0,0,0,0,0,1,1,0,12,0,0,0,0,0,0,0,1,0,0,0
360,GageRu00,0,0,0,0,0,0,0,6,4,0,50,0,0,0,0,0,0,0,5,4,1,25
361,GainKe00,0,0,0,0,0,4,16,2,2,0,15,0,0,0,0,0,5,32,2,1,0,8
362,GallMi00,0,0,0,0,0,0,0,7,3,0,41,0,0,0,0,0,0,0,4,1,0,15
363,GallWa00,0,0,0,0,0,6,30,1,1,0,8,0,0,0,0,0,4,19,0,0,0,0
364,GandAn00,0,0,0,0,0,0,2,1,1,0,0,0,0,0,0,0,0,0,0,0,0,0
365,GaroJi00,28,19,207,2,0,3,3,1,1,0,0,4,2,33,0,0,0,0,0,0,0,0
366,GaskMy00,0,0,0,0,0,9,39,3,3,0,24,0,0,0,0,0,6,17,2,1,0,4
367,GateNi00,0,0,0,0,0,0,0,1,1,0,0,0,0,0,0,0,0,0,1,0,0,0
368,GeigKa00,0,0,0,0,0,0,0,1,1,0,0,0,0,0,0,0,0,0,0,0,0,0
369,GentTa00,0,0,0,0,0,0,0,1,1,0,0,0,0,0,0,0,0,0,0,0,0,0
370,GentZa00,0,0,0,0,0,0,0,2,1,0,5,0,0,0,0,0,0,0,1,1,0,26
371,GervJa00,0,0,0,0,0,0,0,2,1,0,12,0,0,0,0,0,0,0,1,1,0,16
372,GesiMi00,0,0,0,0,0,0,0,5,3,0,38,0,0,0,0,0,0,0,6,4,0,52
373,GibsAn00,0,0,0,0,0,12,55,3,2,0,24,0,0,0,0,0,5,10,2,3,0,24
374,GibsSh00,0,0,0,0,0,0,0,1,1,0,0,0,0,0,0,0,0,0,0,0,0,0
375,GilbGa01,10,5,46,0,0,1,3,1,1,0,0,31,20,182,0,0,0,0,0,0,0,0
376,GillBl00,1,0,0,0,0,0,0,1,1,0,0,1,0,0,0,0,0,0,0,0,0,0
377,GillCu00,0,0,0,0,0,0,0,1,1,0,0,0,0,0,0,0,0,0,0,0,0,0
378,GillJa00,0,0,0,0,0,1,0,1,1,0,0,0,0,0,0,0,0,0,0,0,0,0
379,GillRe00,0,0,0,0,0,0,0,1,1,0,2,0,0,0,0,0,0,0,0,0,0,0
380,GinnTe00,0,0,0,0,0,0,1,3,2,0,24,0,0,0,0,0,0,0,0,0,0,0
381,GlenMi00,27,16,162,1,0,2,4,1,1,0,0,12,4,27,0,0,1,12,1,0,0,0
382,GodwCh00,0,0,0,0,0,0,1,8,6,0,67,0,0,0,0,0,0,0,7,5,0,51
383,GodwTe00,0,0,0,0,0,0,0,3,1,0,7,0,0,0,0,0,1,3,5,3,0,38
384,GoedDa00,0,0,0,0,0,0,0,6,4,0,41,0,0,0,0,0,0,0,7,5,0,50
385,GoffJa00,36,23,265,2,0,2,5,1,1,0,0,34,22,178,0,0,2,5,0,0,0,0
386,GollKe00,0,0,0,0,0,0,0,5,3,0,60,0,0,0,0,0,0,0,4,4,1,44
387,GoodC.00,0,0,0,0,0,0,0,1,1,0,8,0,0,0,0,0,0,0,1,1,0,20
388,GoodMa00,0,0,0,0,0,0,1,3,2,0,31,0,0,0,0,0,0,0,2,0,0,0
389,GordJo02,0,0,0,0,0,0,0,2,1,0,19,0,0,0,0,0,0,0,0,0,0,0
390,GordMe00,0,0,0,0,0,12,56,3,2,0,20,0,0,0,0,0,8,28,6,4,0,43
391,GoreDe00,0,0,0,0,0,6,27,1,1,0,8,0,0,0,0,0,3,4,0,0,0,0
392,GoreFr00,0,0,0,0,0,11,42,1,1,0,4,0,0,0,0,0,14,48,1,1,0,5
393,GrahJa01,0,0,0,0,0,0,0,1,1,0,4,0,0,0,0,0,0,0,0,0,0,0
394,GrahJi00,0,0,0,0,0,0,0,4,2,0,34,0,0,0,0,0,0,0,2,2,0,20
395,GranJa00,0,0,0,0,0,0,1,3,2,0,21,0,0,0,0,0,0,0,0,0,0,0
396,GranKy00,0,0,0,0,0,0,0,2,1,0,12,0,0,0,0,0,0,0,2,1,0,36
397,GranRy01,0,0,0,0,0,0,0,3,1,0,6,0,0,0,0,0,0,0,3,1,0,0
398,GrayCy01,0,0,0,0,0,0,1,2,1,0,26,0,0,0,0,0,0,0,0,0,0,0
399,GrayDa02,0,0,0,0,0,0,0,1,1,0,0,0,0,0,0,0,0,0,0,0,0,0
400,GrayNo00,0,0,0,0,0,0,0,1,1,0,11,0,0,0,0,0,0,0,1,1,0,18
401,GreeA.00,0,0,0,0,0,0,0,5,3,0,38,0,0,0,0,0,0,0,5,4,1,59
402,GreeFa00,0,0,0,0,0,0,0,1,1,0,0,0,0,0,0,0,0,0,0,0,0,0
403,GreeVi00,0,0,0,0,0,0,0,1,1,0,6,0,0,0,0,0,0,0,2,1,1,38
404,GrieWi00,25,13,115,0,0,4,11,1,1,0,0,9,2,6,0,0,3,5,1,0,0,0
405,GrifGa00,0,0,0,0,0,0,0,0,1,0,1,0,0,0,0,0,0,0,0,0,0,0
406,GrifNa00,0,0,0,0,0,0,0,1,1,0,0,0,0,0,0,0,0,0,0,0,0,0
407,GrifRo01,5,4,26,0,0,3,14,1,1,0,0,13,5,38,0,0,8,66,0,0,0,0
408,GrifRy00,0,0,0,0,0,0,0,2,2,0,12,0,0,0,0,0,0,0,0,0,0,0
409,GrifRy01,2,1,7,0,0,2,0,1,1,0,0,0,0,0,0,0,4,0,0,0,0,0
410,GrimXa00,0,0,0,0,0,0,0,1,1,0,1,0,0,0,0,0,0,0,2,1,0,5
411,GronRo00,0,0,0,0,0,0,0,6,4,0,43,0,0,0,0,0,0,0,8,5,0,56
412,GrugKa00,0,0,0,0,0,0,0,1,1,0,3,0,0,0,0,0,0,0,1,1,0,7
413,GuicDe00,0,0,0,0,0,8,59,1,2,0,16,0,0,0,0,0,5,44,0,0,0,0
414,GurlTo01,0,0,0,0,1,13,54,3,2,0,9,0,0,0,0,0,9,19,2,1,0,22
415,GuytJa01,0,0,0,0,0,0,0,4,2,0,31,0,0,0,0,0,0,0,4,2,0,53
416,HaacMa00,1,1,0,0,0,0,1,1,1,0,0,1,0,0,0,0,0,0,0,0,0,0
417,HaegJo00,0,0,0,0,0,0,0,1,1,0,0,0,0,0,0,0,0,0,0,0,0,0
418,HairTr00,0,0,0,0,0,0,0,0,1,0,1,0,0,0,0,0,0,0,0,0,0,0
419,HallBr03,0,0,0,0,0,11,60,4,3,0,40,0,0,0,0,1,4,63,0,0,0,0
420,HallMa02,0,0,0,0,0,0,0,2,1,0,29,0,0,0,0,0,0,0,1,1,0,15
421,HamiDa01,0,0,0,0,0,0,0,3,2,0,18,0,0,0,0,0,0,0,5,2,0,23
422,HamlKJ00,0,0,0,0,0,1,3,4,2,0,32,0,0,0,0,0,1,10,5,2,0,51
423,HammJo00,0,0,0,0,0,0,0,1,1,0,0,0,0,0,0,0,0,0,0,0,0,0
424,HamxC.00,0,0,0,0,0,0,1,1,1,0,6,0,0,0,0,0,0,0,5,3,0,41
425,HansCh00,0,0,0,0,0,0,0,6,3,0,60,0,0,0,0,0,0,0,4,2,0,22
426,HardJa01,0,0,0,0,0,2,15,1,1,0,0,0,0,0,0,1,3,27,0,0,0,0
427,HardJu00,0,0,0,0,0,0,0,2,1,0,9,0,0,0,0,0,0,0,4,3,0,36
428,HardJu01,0,0,0,0,0,0,0,1,1,0,0,0,0,0,0,0,0,0,0,0,0,0
429,HardMe00,0,0,0,0,0,0,4,3,3,0,39,0,0,0,0,0,0,0,8,7,1,58
430,HarmKe00,0,1,1,0,0,0,0,3,2,0,20,0,0,0,0,0,0,0,5,3,0,39
431,HarrDa06,0,0,0,0,0,12,65,1,1,0,7,0,0,0,0,0,13,46,3,2,0,4
432,HarrDe03,0,0,0,0,0,0,0,1,1,0,3,0,0,0,0,0,0,0,0,0,0,0
433,HarrDe07,0,0,0,0,0,0,3,3,2,0,26,0,0,0,0,0,0,0,0,0,0,0
434,HarrDe09,0,0,0,0,0,0,0,1,1,0,0,0,0,0,0,0,0,0,0,0,0,0
435,HarrDe11,0,0,0,0,0,1,6,2,1,0,9,0,0,0,0,0,0,0,0,0,0,0
436,HarrDw00,0,0,0,0,0,0,0,1,1,0,3,0,0,0,0,0,0,0,0,0,0,0
437,HarrEr00,0,0,0,0,0,1,5,1,1,0,0,0,0,0,0,0,1,4,0,0,0,0
438,HarrJa03,0,0,0,0,0,0,0,1,0,0,2,0,0,0,0,0,0,0,1,1,0,10
439,HarrKe01,0,0,0,0,0,4,11,1,1,0,0,0,0,0,0,0,1,3,0,0,0,0
440,HarrNK00,0,0,0,0,0,0,1,3,2,0,20,0,0,0,0,0,0,0,3,1,0,11
441,HarrNa00,0,0,0,0,0,16,61,4,3,0,22,0,0,0,0,1,23,65,2,1,0,11
442,HartMy00,0,0,0,0,0,2,2,1,1,0,0,0,0,0,0,0,2,3,0,0,0,0
443,HartPe01,0,0,0,0,0,0,1,1,0,0,2,0,0,0,0,0,0,0,2,1,0,3
444,HaskDw00,27,16,182,1,0,3,9,1,1,0,0,28,14,157,0,0,0,0,0,0,0,0
445,HaskHa00,0,0,0,0,0,2,6,1,1,0,3,0,0,0,0,0,2,3,2,2,0,17
446,HastJa02,0,0,0,0,0,3,11,1,2,0,9,0,0,0,0,0,3,5,0,0,0,0
447,HawkJe00,0,0,0,0,0,0,0,1,1,0,0,0,0,0,0,0,0,0,0,0,0,0
448,HeatJe00,0,0,0,0,0,1,1,1,1,0,0,0,0,0,0,0,1,1,0,0,0,0
449,HeckCh00,0,0,0,0,0,0,0,1,0,0,8,0,0,0,0,0,0,0,0,0,0,5
450,HeinTa00,30,20,206,1,0,4,19,1,1,0,0,17,11,179,1,0,2,0,0,0,0,0
451,HekkJo00,1,1,6,0,0,0,0,1,1,0,0,1,1,0,0,0,0,0,0,0,0,0
452,HelmDa01,0,0,0,0,0,0,0,1,1,0,0,0,0,0,0,0,0,0,0,0,0,0
453,HemiTe00,0,0,0,0,0,0,0,0,0,0,1,0,0,0,0,0,0,0,0,0,0,0
454,HendDa00,0,0,0,0,0,8,39,2,2,0,12,0,0,0,0,0,2,9,0,0,0,0
455,HendPe01,0,0,0,0,0,0,0,1,1,0,4,0,0,0,0,0,0,0,0,0,0,0
456,HennCh01,7,4,29,0,0,2,1,1,1,0,0,0,0,0,0,0,2,0,0,0,0,0
457,HenrDe00,0,0,0,0,1,22,120,2,2,0,17,0,0,0,0,1,25,112,1,1,0,20
458,HenrHu00,0,0,0,0,0,0,0,5,3,0,35,0,0,0,0,0,0,0,8,5,0,48
459,HentHa00,0,0,0,0,0,0,0,1,1,0,6,0,0,0,0,0,0,0,6,5,0,59
460,HerbJu00,38,27,294,2,0,4,14,1,1,0,0,36,25,191,2,0,2,0,0,0,0,0
461,HerbKh00,0,0,0,0,0,8,42,1,1,0,4,0,0,0,0,0,10,48,2,1,0,0
462,HernCh00,0,0,0,0,0,0,0,2,1,0,11,0,0,0,0,0,0,0,0,0,0,0
463,HessPa00,0,0,0,0,0,0,0,1,1,0,4,0,0,0,0,0,0,0,1,1,0,9
464,HeueJe00,0,0,0,0,0,0,0,2,1,0,8,0,0,0,0,0,0,0,0,0,0,0
465,HeywCo00,0,0,0,0,0,0,2,1,1,0,7,0,0,0,0,0,1,6,4,3,0,45
466,HigbTy00,0,0,0,0,0,0,0,6,4,0,47,0,0,0,0,0,0,0,5,4,0,37
467,HiggRa00,0,0,0,0,0,0,0,4,2,0,30,0,0,0,0,0,0,0,0,0,0,0
468,HiggTe00,0,0,0,0,0,0,1,7,4,0,59,0,0,0,0,0,0,0,5,1,0,11
469,HighJo00,0,0,0,0,0,0,0,3,1,0,10,0,0,0,0,0,0,0,0,0,0,0
470,HillBr02,0,0,0,0,0,7,31,1,2,0,10,0,0,0,0,0,9,66,4,2,0,42
471,HillDo00,0,0,0,0,0,3,16,1,2,0,11,0,0,0,0,0,0,0,0,0,0,0
472,HillJo02,0,0,0,0,0,0,0,2,1,0,11,0,0,0,0,0,0,0,1,0,0,0
473,HillJo03,0,0,0,0,0,9,32,2,1,0,3,0,0,0,0,0,11,38,2,1,0,6
474,HillJu00,0,0,0,0,0,3,13,1,1,0,3,0,0,0,0,0,7,32,0,0,0,0
475,HillKJ00,0,0,0,0,0,0,0,1,1,0,5,0,0,0,0,0,0,0,0,0,0,0
476,HillKy00,0,0,0,0,0,2,6,0,0,0,1,0,0,0,0,0,1,8,0,0,0,0
477,HillTa00,4,3,31,0,0,5,28,1,1,0,7,0,0,0,0,0,5,23,1,1,0,1
478,HillTy00,0,0,0,0,0,1,5,9,6,0,86,0,0,0,0,0,0,0,5,2,0,29
479,HillWe00,0,0,0,0,1,9,22,3,1,0,2,0,0,0,0,1,10,22,2,1,0,4
480,HiltT.00,0,0,0,0,0,0,0,6,3,0,39,0,0,0,0,0,0,0,4,2,0,24
481,HineNy00,0,0,0,0,0,3,15,3,3,0,24,0,0,0,0,0,0,0,0,0,0,0
482,HintKe00,0,0,0,0,0,0,1,2,1,0,16,0,0,0,0,0,1,0,1,0,0,0
483,HockTJ00,0,0,0,0,0,0,0,6,4,0,40,0,0,0,0,0,0,0,1,1,0,20
484,HodgDe00,20,12,141,1,0,2,8,1,1,0,0,24,13,90,0,0,1,0,0,0,0,0
485,HodgIs00,0,0,0,0,0,0,0,4,3,0,32,0,0,0,0,0,0,0,4,4,1,44
486,HodgKh00,0,0,0,0,0,0,0,1,1,0,8,0,0,0,0,0,0,0,0,0,0,0
487,HogaCh00,0,0,0,0,0,0,0,3,2,0,15,0,0,0,0,0,0,0,1,0,0,0
488,HogaKr00,0,0,0,0,0,0,0,1,1,0,0,0,0,0,0,0,0,0,1,1,0,7
489,HollAl00,0,0,0,0,0,0,0,1,1,0,6,0,0,0,0,0,0,0,0,0,0,0
490,HollCo00,0,0,0,0,0,0,0,1,1,0,5,0,0,0,0,0,0,0,0,0,0,0
491,HollJa03,0,0,0,0,0,0,0,3,2,0,21,0,0,0,0,0,0,0,0,0,0,0
492,HollMa00,0,0,0,0,0,0,1,3,2,0,13,0,0,0,0,0,0,0,4,2,0,22
493,HoltJ.01,0,0,0,0,0,0,0,0,1,0,1,0,0,0,0,0,0,0,0,0,0,0
494,HoltJo00,0,0,0,0,0,0,1,1,0,0,2,0,0,0,0,0,0,0,0,0,0,0
495,HomeTr00,0,0,0,0,0,2,13,1,2,0,12,0,0,0,0,0,0,0,0,0,0,0
496,HookAm00,0,0,0,0,0,0,1,1,1,0,11,0,0,0,0,0,0,0,1,1,0,9
497,HoopAu00,0,0,0,0,0,0,0,5,3,0,35,0,0,0,0,0,0,0,5,3,0,35
498,HopkBr01,0,0,0,0,0,0,0,1,1,0,4,0,0,0,0,0,0,0,1,0,0,0
499,HopkDe00,0,0,0,0,0,0,0,9,6,0,69,0,0,0,0,0,0,0,6,1,0,7
500,HorsJe00,0,0,0,0,0,0,0,1,1,0,5,0,0,0,0,0,0,0,0,0,0,0
501,HorvZa00,0,0,0,0,0,0,1,0,1,0,0,0,0,0,0,0,0,0,0,0,0,0
502,HousDe01,0,0,0,0,0,0,0,3,1,0,4,0,0,0,0,0,0,0,0,0,0,0
503,HowaJo00,0,0,0,0,0,9,38,1,1,0,3,0,0,0,0,0,1,1,0,0,0,0
504,HowaO.00,0,0,0,0,0,0,0,2,2,0,20,0,0,0,0,0,0,0,1,2,0,30
505,HoweGr00,0,0,0,0,0,2,6,1,1,0,0,0,0,0,0,0,0,0,0,0,0,0
506,HoweSa00,19,13,143,1,1,6,37,1,1,0,0,20,13,137,1,1,5,33,0,0,0,0
507,HoyeBr00,10,6,69,0,0,2,0,1,1,0,0,6,4,54,0,0,0,0,0,0,0,0
508,HubbCh01,0,0,0,0,0,8,35,2,1,0,10,0,0,0,0,0,21,66,1,1,0,0
509,HudsTa00,0,0,0,0,0,0,0,1,1,0,4,0,0,0,0,0,0,0,1,1,0,15
510,HudsTo00,0,0,0,0,0,0,0,1,1,0,8,0,0,0,0,0,0,0,0,0,0,0
511,HumpAd00,0,0,0,0,0,0,0,4,3,0,28,0,0,0,0,0,0,0,2,1,0,4
512,HumpLi01,0,0,0,0,0,0,0,1,1,0,11,0,0,0,0,0,0,0,0,0,0,0
513,HundBr00,3,2,13,0,0,2,14,1,1,0,0,1,1,0,0,0,1,6,0,0,0,0
514,HuntCa02,0,0,0,0,0,6,32,1,1,0,0,0,0,0,0,0,1,3,0,0,0,0
515,HuntJa01,0,0,0,0,0,4,14,1,1,0,0,0,0,0,0,0,13,48,0,1,0,0
516,HuntKa00,0,0,0,0,0,9,40,3,3,0,23,0,0,0,0,0,4,12,3,3,0,23
517,HuntTy01,21,12,137,1,0,7,33,1,1,0,0,21,12,134,1,0,7,22,0,0,0,0
518,HurnAl01,0,0,0,0,0,0,0,4,2,0,32,0,0,0,0,0,0,0,3,1,0,43
519,HursHa00,0,0,0,0,0,0,0,4,3,0,35,0,0,0,0,0,0,0,6,4,0,23
520,HurtJa00,24,15,180,1,0,9,44,1,1,0,0,36,19,177,0,0,9,12,0,0,0,0
521,HydeCa00,0,0,0,0,0,10,45,1,1,0,5,0,0,0,0,0,1,3,1,1,0,7
522,HymaIs00,0,0,0,0,0,0,0,2,1,0,14,0,0,0,0,0,0,0,3,1,0,33
523,IgweGo00,0,0,0,0,0,2,12,1,1,0,4,0,0,0,0,0,0,0,0,0,0,0
524,IngoAl01,0,0,0,0,0,0,0,1,1,0,4,0,0,0,0,0,0,0,0,0,0,0
525,IngrKe01,0,0,0,0,0,2,5,1,1,0,2,0,0,0,0,0,3,5,2,2,0,1
526,IngrMa01,0,0,0,0,0,9,43,1,2,0,10,0,0,0,0,0,7,28,6,4,0,31
527,InmaDo00,0,0,0,0,0,0,0,3,2,0,21,0,0,0,0,0,0,0,0,0,0,0
528,IrwiTr00,0,0,0,0,0,0,1,2,1,0,21,0,0,0,0,0,0,0,2,1,0,17
529,IsabAn00,0,0,0,0,0,0,0,1,1,0,10,0,0,0,0,0,1,1,0,0,0,0
530,IzzoRy00,0,0,0,0,0,0,0,1,1,0,12,0,0,0,0,0,0,0,0,0,0,0
531,JackDe00,0,0,0,0,0,0,0,3,2,0,37,0,0,0,0,0,0,0,2,1,0,13
532,JackDe02,0,0,0,0,0,5,17,2,2,0,13,0,0,0,0,0,8,34,7,6,0,56
533,JackJu01,0,0,0,0,0,5,25,1,2,0,12,0,0,0,0,0,1,2,1,1,0,14
534,JackLa00,27,19,193,2,0,11,72,1,1,0,0,4,2,16,0,0,1,9,0,0,0,0
535,JackTy01,0,0,0,0,0,0,0,1,1,0,1,0,0,0,0,0,0,0,0,0,0,0
536,JacoJo01,0,0,0,0,1,17,82,3,2,0,23,0,0,0,0,0,17,46,3,2,0,7
537,JameJe00,0,0,0,0,0,0,0,1,1,0,6,0,0,0,0,0,0,0,0,0,0,0
538,JameRi00,0,0,0,0,0,0,0,3,2,0,29,0,0,0,0,0,0,0,8,5,1,57
539,JanoAn00,0,0,0,0,0,0,0,0,1,0,2,0,0,0,0,0,0,0,0,0,0,0
540,JarwBl00,0,0,0,0,0,0,0,3,2,0,24,0,0,0,0,0,0,0,1,0,0,0
541,JeffAl00,0,0,0,0,0,0,0,5,3,0,35,0,0,0,0,0,0,0,1,1,0,26
542,JeffJe00,0,0,0,0,0,2,13,1,1,0,2,0,0,0,0,0,5,10,0,0,0,0
543,JeffJu00,0,1,1,0,0,0,1,9,7,0,91,0,0,0,0,0,0,0,5,4,0,43
544,JeffVa00,0,0,0,0,0,0,1,4,2,0,40,0,0,0,0,0,0,0,7,4,0,58
545,JennDa00,0,0,0,0,0,0,0,1,1,0,2,0,0,0,0,0,0,0,0,0,0,0
546,JennGa00,0,0,0,0,0,0,0,1,1,0,0,0,0,0,0,0,0,0,0,0,0,0
547,JennJa00,0,0,0,0,0,0,0,3,2,0,27,0,0,0,0,0,0,0,2,1,0,15
548,JeudJe00,0,0,0,0,0,0,1,6,4,0,54,0,0,0,0,1,3,36,8,4,1,120
549,JohnBr23,0,0,0,0,0,0,0,2,1,0,3,0,0,0,0,0,0,0,0,0,0,0
550,JohnCa03,0,0,0,0,0,0,0,2,1,0,4,0,0,0,0,0,0,0,2,2,0,23
551,JohnCo01,0,0,0,0,0,0,0,2,1,0,16,0,0,0,0,0,0,0,0,0,0,0
552,JohnDE04,0,0,0,0,0,3,20,1,1,0,4,0,0,0,0,0,0,0,0,0,0,0
553,JohnDa08,0,0,0,0,0,7,31,3,3,0,23,0,0,0,0,0,0,0,2,2,0,32
554,JohnDi01,0,0,0,0,0,0,2,8,5,0,47,0,0,0,0,0,0,0,5,4,0,49
555,JohnDu00,0,0,0,0,0,7,31,3,3,0,24,0,0,0,0,0,2,4,0,0,0,0
556,JohnJa11,1,1,13,1,0,0,0,1,1,0,0,1,1,12,1,0,0,0,0,0,0,0
557,JohnJa12,0,0,0,0,0,0,0,0,0,0,2,0,0,0,0,0,0,0,1,1,0,5
558,JohnJo05,21,14,242,2,0,3,8,1,1,0,0,2,1,10,0,0,2,3,0,0,0,0
559,JohnJo12,0,0,0,0,0,0,0,1,1,0,0,0,0,0,0,0,0,0,0,0,0,0
560,JohnJu02,0,0,0,0,0,0,0,3,2,0,26,0,0,0,0,0,0,0,1,1,0,24
561,JohnKe06,0,0,0,0,0,7,25,1,2,0,12,0,0,0,0,0,0,0,0,0,0,0
562,JohnKe07,0,0,0,0,0,0,0,3,2,0,19,0,0,0,0,0,0,0,0,0,0,0
563,JohnLa01,0,0,0,0,0,0,0,2,1,0,7,0,0,0,0,0,0,0,2,1,1,5
564,JohnMa07,0,0,0,0,0,0,0,3,2,0,20,0,0,0,0,0,0,0,7,3,0,40
565,JohnOl00,0,0,0,0,0,0,0,2,1,0,17,0,0,0,0,0,0,0,0,0,0,0
566,JohnTy00,0,0,0,0,0,0,0,2,1,0,16,0,0,0,0,0,0,0,0,0,0,0
567,JohnTy02,0,0,0,0,0,4,17,2,2,0,13,0,0,0,0,0,5,12,2,2,0,15
568,JohnTy03,0,0,0,0,0,0,1,1,1,0,13,0,0,0,0,0,0,0,1,1,0,12
569,JoneAa00,0,0,0,0,0,13,69,5,3,0,35,0,0,0,0,0,12,50,5,3,0,24
570,JoneCh02,1,0,0,0,0,1,0,1,1,0,0,0,0,0,0,0,1,0,0,0,0,0
571,JoneCh10,0,0,0,0,0,0,0,0,1,0,1,0,0,0,0,0,0,0,1,1,0,7
572,JoneCo01,0,0,0,0,0,1,5,1,1,0,0,0,0,0,0,0,1,5,0,0,0,0
573,JoneDa05,31,21,201,1,0,6,33,1,1,0,0,24,17,160,2,1,10,67,0,0,0,0
574,JoneJu02,0,0,0,0,0,0,1,7,4,0,60,0,0,0,0,0,1,13,2,1,0,12
575,JoneMa02,0,0,0,0,0,0,0,7,4,0,44,0,0,0,0,0,0,0,5,2,0,34
576,JoneMa05,30,20,209,1,0,3,8,1,1,0,0,39,24,189,2,0,4,5,0,0,0,0
577,JoneMa06,0,0,0,0,0,0,0,2,1,0,31,0,0,0,0,0,0,0,1,1,0,19
578,JoneRo01,0,0,0,0,0,9,44,1,2,0,9,0,0,0,0,1,10,44,0,0,0,0
579,JoneT.00,0,0,0,0,0,0,0,2,1,0,12,0,0,0,0,0,0,0,0,0,0,0
580,JoneTa00,0,0,0,0,0,1,3,1,1,0,6,0,0,0,0,0,0,0,0,0,0,0
581,JoneTe02,0,0,0,0,0,0,0,2,1,0,11,0,0,0,0,0,0,0,1,0,0,0
582,JoneTi00,0,0,0,0,0,0,0,0,0,0,2,0,0,0,0,0,0,0,0,0,0,0
583,JoneTo04,0,0,0,0,0,4,12,1,1,0,3,0,0,0,0,0,1,2,1,1,0,0
584,JoneVe00,0,0,0,0,0,1,10,2,1,0,9,0,0,0,0,1,1,44,2,1,1,37
585,JoneZa00,0,0,0,0,0,0,0,4,3,0,33,0,0,0,0,0,0,0,6,4,0,29
586,JordBr00,0,0,0,0,0,0,0,3,2,0,20,0,0,0,0,0,0,0,0,0,0,0
587,JuszKy00,0,0,0,0,0,1,2,2,2,0,18,0,0,0,0,0,1,3,1,1,0,29
588,KaliNi00,0,0,0,0,0,0,0,1,1,0,0,0,0,0,0,0,0,0,0,0,0,0
589,KamaAl00,0,0,0,0,1,14,61,6,4,0,45,0,0,0,0,0,23,112,1,2,0,3
590,KampHu00,0,0,0,0,0,0,0,1,1,0,0,0,0,0,0,0,0,0,0,0,0,0
591,KeenCa00,18,11,124,1,0,2,2,1,1,0,0,5,3,8,0,0,2,0,0,0,0,0
592,KeenDa00,0,0,0,0,0,0,0,2,1,0,3,0,0,0,0,0,0,0,2,1,0,10
593,KeizNi00,0,0,0,0,0,0,0,1,0,0,3,0,0,0,0,0,0,0,0,0,0,0
594,KelcTr00,0,0,0,0,0,0,0,9,7,0,78,0,0,0,0,0,0,0,7,5,0,42
595,KellDe00,0,0,0,0,0,0,0,2,1,1,0,0,0,0,0,0,0,0,1,1,1,0
596,KellJo00,0,0,0,0,0,2,12,1,1,0,0,0,0,0,0,0,2,13,0,0,0,0
597,KellJo01,0,0,0,0,0,6,21,1,1,0,8,0,0,0,0,0,5,18,3,2,0,7
598,KempMa00,0,0,0,0,0,0,0,1,1,0,1,0,0,0,0,0,0,0,0,0,0,0
599,KendLa00,0,0,0,0,0,0,0,1,1,0,4,0,0,0,0,0,0,0,0,0,0,0
600,KennTo01,0,1,3,0,0,0,0,1,1,0,7,0,0,0,0,0,0,0,0,0,0,0
601,KernBr20,1,1,9,0,0,0,0,1,1,0,0,1,0,0,0,0,0,0,0,0,0,0
602,KidsDa00,0,0,0,0,0,0,0,1,1,0,0,0,0,0,0,0,0,0,0,0,0,0
603,KiefKo00,0,0,0,0,0,0,0,1,1,0,4,0,0,0,0,0,0,0,0,0,0,0
604,KillAd00,0,0,0,0,0,1,0,1,1,0,2,0,0,0,0,0,1,0,1,1,0,0
605,KinsMa00,0,0,0,0,0,0,0,1,0,0,1,0,0,0,0,0,0,0,1,1,0,5
606,KirkCh01,0,0,0,0,0,0,2,7,4,0,45,0,0,0,0,0,0,0,9,5,1,58
607,KirkKe00,0,0,0,0,0,0,0,2,1,0,4,0,0,0,0,0,0,0,0,0,0,0
608,KittGe00,0,0,0,0,0,0,1,7,4,0,59,0,0,0,0,0,0,0,6,4,2,34
609,KmetCo00,0,0,0,0,0,0,0,4,3,0,35,0,0,0,0,0,0,0,5,4,1,54
610,KnigZo00,0,0,0,0,0,12,45,2,2,0,17,0,0,0,0,0,12,22,0,0,0,0
611,KnoxDa00,0,0,0,0,0,0,0,4,2,0,36,0,0,0,0,0,0,0,2,2,1,17
612,KochSa20,1,1,4,0,0,0,0,1,1,0,0,1,0,0,0,0,0,0,0,0,0,0
613,KolaCh00,0,0,0,0,0,0,0,3,2,0,16,0,0,0,0,0,0,0,5,4,0,53
614,KoyaBe00,0,0,0,0,0,0,0,0,1,0,1,0,0,0,0,0,0,0,0,0,0,0
615,KrofTy00,0,0,0,0,0,0,0,1,1,0,7,0,0,0,0,0,0,0,0,0,0,0
616,KrulLu00,0,0,0,0,0,0,0,1,1,0,0,0,0,0,0,0,0,0,0,0,0,0
617,KumeJa00,0,0,0,0,0,0,0,1,1,0,7,0,0,0,0,0,0,0,0,0,0,0
618,KuppCo00,0,0,0,0,0,0,2,9,7,1,89,0,0,0,0,0,0,0,5,2,0,7
619,LaCoMa00,0,0,0,0,0,0,0,2,1,0,10,0,0,0,0,0,0,0,0,0,0,0
620,LaceDe00,0,0,0,0,0,0,0,1,1,0,0,0,0,0,0,0,0,0,0,0,0,0
621,LacyCh00,0,0,0,0,0,0,0,2,1,0,8,0,0,0,0,0,0,0,5,2,0,18
622,LairPa00,0,0,0,0,0,3,9,2,2,0,10,0,0,0,0,0,0,0,0,0,0,0
623,LambCe00,0,0,0,0,0,1,4,8,5,0,61,0,0,0,0,0,0,0,8,5,1,52
624,LammKe00,0,0,0,0,0,0,0,2,1,1,0,0,0,0,0,0,0,0,1,1,1,0
625,LancTr00,12,8,85,1,0,7,30,1,1,0,0,3,2,33,0,0,3,12,0,0,0,0
626,LandJa00,0,1,1,0,0,0,1,6,4,0,44,0,0,0,0,0,0,0,1,0,0,0
627,LassKw20,0,0,0,0,0,0,0,1,1,0,0,0,0,0,0,0,0,0,0,0,0,0
628,LatiCo00,0,0,0,0,0,0,0,3,2,0,23,0,0,0,0,0,0,0,3,2,0,19
629,LawrTr00,33,21,206,1,0,4,19,1,1,0,0,31,20,182,1,0,4,0,0,0,0,0
630,LazaAl00,0,0,0,0,0,0,1,5,2,0,37,0,0,0,0,0,2,0,6,4,1,51
631,LeavDa00,0,0,0,0,0,1,2,1,1,0,0,0,0,0,0,0,1,0,0,0,0,0
632,LeexAn20,1,1,13,0,0,0,0,1,1,0,0,1,1,4,0,0,0,0,0,0,0,0
633,LeexMa00,0,0,0,0,0,0,0,1,1,0,3,0,0,0,0,0,0,0,1,1,0,12
634,LengMa00,0,0,0,0,0,0,0,1,1,0,0,0,0,0,0,0,0,0,0,0,0,0
635,LeviAn00,0,0,0,0,0,1,34,1,1,0,0,0,0,0,0,0,1,2,0,0,0,0
636,LewiDi00,0,0,0,0,0,2,10,1,2,0,10,0,0,0,0,0,1,7,0,0,0,0
637,LewiMa00,0,0,0,0,0,0,0,1,1,0,6,0,0,0,0,0,0,0,0,0,0,0
638,LewiTo00,0,0,0,0,0,0,2,1,1,0,2,0,0,0,0,0,0,0,2,1,0,11
639,LikeIs00,0,0,0,0,0,0,0,4,3,0,30,0,0,0,0,0,0,0,10,8,0,104
640,LindPh00,0,0,0,0,0,10,43,1,2,0,6,0,0,0,0,0,1,2,0,0,0,0
641,LineZa01,0,0,0,0,0,1,1,1,1,0,3,0,0,0,0,0,0,0,0,0,0,0
642,LockDr00,29,18,200,1,0,4,12,1,1,0,0,25,13,146,1,1,4,32,0,0,0,0
643,LockTy00,0,0,0,0,0,0,0,8,4,0,62,0,0,0,0,0,0,0,6,4,1,57
644,LogaT.00,0,0,0,0,0,0,1,1,0,0,2,0,0,0,0,0,1,2,0,0,0,0
645,LondDr00,0,0,0,0,0,0,0,7,5,0,54,0,0,0,0,0,0,0,9,6,0,113
646,LongDa02,0,0,0,0,0,0,0,1,1,0,0,0,0,0,0,0,0,0,0,0,0,0
647,LongHu00,0,0,0,0,0,0,0,0,1,0,0,0,0,0,0,0,0,0,0,0,0,0
648,LongTy00,1,0,0,0,0,1,0,1,1,0,0,1,0,0,0,0,0,0,0,0,0,0
649,LoveJo02,0,0,0,0,0,0,1,1,1,0,0,0,0,0,0,0,3,6,0,0,0,0
650,LoveJo03,8,5,56,0,0,2,2,1,1,0,0,3,2,7,0,0,1,0,0,0,0,0
651,LutoJa00,36,20,248,0,0,0,4,1,1,0,0,37,19,141,0,0,0,0,0,0,0,0
652,LyncMa00,0,0,0,0,1,9,24,1,1,0,7,0,0,0,0,1,12,31,0,0,0,0
653,MabrTy00,0,0,0,0,0,0,0,0,1,0,1,0,0,0,0,0,0,0,0,0,0,0
654,MackAu01,0,0,0,0,0,0,0,1,1,0,6,0,0,0,0,0,0,0,1,1,0,13
655,MackMa00,0,0,0,0,0,11,54,1,1,0,9,0,0,0,0,0,4,21,1,1,0,0
656,MahoPa00,36,24,297,3,0,4,23,1,1,0,0,26,17,184,1,0,3,27,0,0,0,0
657,MaloJo00,0,0,0,0,0,0,3,2,1,0,3,0,0,0,0,0,0,0,0,0,0,0
658,ManhCh00,0,0,0,0,0,0,0,1,0,0,3,0,0,0,0,0,0,0,0,0,0,0
659,MannBr01,1,1,6,0,0,0,1,1,1,0,0,1,0,0,0,0,0,0,0,0,0,0
660,MannEl00,36,23,258,1,0,1,2,1,1,0,0,28,18,189,1,0,0,0,0,0,0,0
661,MannSe00,13,7,85,0,0,2,2,1,1,0,0,36,21,180,1,0,2,13,0,0,0,0
662,MariMa01,16,10,127,1,0,4,26,1,1,0,0,24,12,170,1,0,3,17,0,0,0,0
663,MarsTe00,0,0,0,0,0,0,0,3,2,0,20,0,0,0,0,0,0,0,3,2,0,29
664,MartSa01,0,0,0,0,0,1,0,1,1,0,0,0,0,0,0,0,1,0,0,0,0,0
665,MartTa00,0,0,0,0,0,0,0,1,1,0,0,0,0,0,0,0,0,0,0,0,0,0
666,MasoJo00,0,0,0,0,0,5,31,1,1,0,0,0,0,0,0,0,8,27,0,0,0,0
667,MassBo00,0,0,0,0,0,0,0,2,1,0,3,0,0,0,0,0,0,0,2,1,0,7
668,MattAl01,0,0,0,0,0,7,29,1,1,0,9,0,0,0,0,1,10,54,1,1,0,6
669,MattJo00,0,0,0,0,0,0,0,4,1,0,4,0,0,0,0,0,0,0,0,0,0,0
670,MayfBa00,31,20,205,2,0,3,9,1,1,0,0,27,14,141,0,0,5,16,1,0,0,0
671,McBrTr01,0,0,0,0,0,0,0,3,2,0,17,0,0,0,0,0,0,0,4,2,0,41
672,McCaA.00,9,5,42,0,0,2,10,1,1,0,0,1,1,21,1,0,0,0,0,0,0,0
673,McCaCh01,0,1,1,0,1,16,77,8,5,0,52,0,0,0,0,0,10,44,4,3,1,40
674,McClRa00,0,0,0,0,0,0,3,2,2,0,13,0,0,0,0,0,0,0,0,0,0,0
675,McCoCo00,20,13,129,1,0,3,6,1,1,0,0,22,11,106,0,0,2,2,0,0,0,0
676,McCoJo01,10,6,58,0,0,2,6,1,1,0,0,27,17,156,1,0,4,24,0,0,0,0
677,McCoLe01,0,0,0,0,0,4,20,2,2,0,14,0,0,0,0,0,0,0,0,0,0,0
678,McCrNa00,0,0,0,0,0,1,0,1,1,0,0,0,0,0,0,0,1,0,0,0,0,0
679,McCuLa01,0,0,0,0,0,0,0,1,1,0,0,0,0,0,0,0,0,0,0,0,0,0
680,McDeCo00,0,0,0,0,0,0,0,2,1,1,0,0,0,0,0,0,0,0,1,1,1,1
681,McDoVa00,0,0,0,0,0,0,0,3,2,0,15,0,0,0,0,0,0,0,0,0,0,0
682,McElCo00,0,0,0,0,0,0,0,1,1,0,10,0,0,0,0,0,0,0,0,0,0,0
683,McFaAn00,0,0,0,0,0,3,10,1,1,0,5,0,0,0,0,0,6,30,2,2,0,15
684,McGaKa00,0,0,0,0,0,0,0,2,1,0,0,0,0,0,0,0,0,0,2,0,0,0
685,McGoKy00,0,0,0,0,0,0,0,1,1,0,0,0,0,0,0,0,0,0,0,0,0,0
686,McKeIs00,0,0,0,0,0,1,3,2,2,0,23,0,0,0,0,0,0,0,3,2,0,26
687,McKeSe01,0,0,0,0,0,0,0,0,1,0,1,0,0,0,0,0,0,0,0,0,0,0
688,McKiJ.00,0,0,0,0,0,4,17,5,4,0,28,0,0,0,0,0,2,6,3,3,0,18
689,McKiJe00,0,0,0,0,0,4,18,3,3,0,26,0,0,0,0,0,2,7,3,1,1,4
690,McKiTr00,0,0,0,0,0,0,0,1,1,0,3,0,0,0,0,0,0,0,0,0,0,0
691,McLaTe00,0,0,0,0,0,0,1,8,5,0,60,0,0,0,0,0,0,0,5,4,1,58
692,McMaRa00,0,0,0,0,0,0,0,1,1,0,3,0,0,0,0,0,1,4,0,0,0,0
693,McNiJe00,0,0,0,0,0,3,12,1,2,0,9,0,0,0,0,0,2,13,0,0,0,0
694,McSoTr00,11,5,70,0,0,2,10,1,1,0,0,8,4,53,0,0,3,12,0,0,0,0
695,MeieCa00,0,0,0,0,0,0,0,1,1,0,0,0,0,0,0,0,0,0,0,0,0,0
696,MerrKi00,0,0,0,0,0,0,0,1,1,0,3,0,0,0,0,0,0,0,0,0,0,0
697,MetcDK00,0,0,0,0,0,0,0,8,5,0,53,0,0,0,0,0,0,0,7,3,0,44
698,MeyeJa01,0,1,1,0,0,0,0,6,4,0,51,0,0,0,0,0,0,0,6,4,1,51
699,MichMa00,0,0,0,0,0,0,0,1,1,0,0,0,0,0,0,0,0,0,0,0,0,0
700,MichSo00,0,0,0,0,0,10,45,1,1,0,5,0,0,0,0,0,1,1,0,0,0,0
701,MickJa01,0,0,0,0,0,0,0,1,1,0,2,0,0,0,0,0,0,0,0,0,0,0
702,MillAn02,0,0,0,0,0,0,0,5,3,0,37,0,0,0,0,0,0,0,1,1,0,3
703,MillBr02,0,0,0,0,0,0,0,1,1,0,0,0,0,0,0,0,0,0,0,0,0,0
704,MillDa02,31,20,239,1,0,2,5,1,1,0,0,38,23,186,2,0,1,6,0,0,0,0
705,MillLa01,0,0,0,0,0,0,0,2,1,0,8,0,0,0,0,0,0,0,2,1,0,12
706,MillSc01,0,0,0,0,0,0,2,3,2,0,21,0,0,0,0,0,0,0,2,1,0,12
707,MilnDa00,0,0,0,0,0,0,0,1,1,0,4,0,0,0,0,0,0,0,0,0,0,0
708,MimsDe00,0,0,0,0,0,0,0,3,1,0,20,0,0,0,0,0,0,0,0,0,0,0
709,MingBa00,0,0,0,0,0,1,11,1,1,0,0,0,0,0,0,0,1,11,0,0,0,0
710,MinsGa00,30,20,206,2,0,4,17,1,1,0,0,33,18,187,1,0,1,0,0,0,0,0
711,MitcEl00,0,0,0,0,0,16,79,1,2,0,7,0,0,0,0,1,5,51,0,0,0,0
712,MitcJa00,0,0,0,0,0,0,0,1,1,0,7,0,0,0,0,0,0,0,1,1,0,11
713,MitcMy00,0,0,0,0,0,0,0,1,1,0,0,0,0,0,0,0,0,0,0,0,0,0
714,MitcSt02,0,0,0,0,0,0,0,1,1,0,6,0,0,0,0,0,0,0,1,1,0,24
715,MixoJo00,0,0,0,0,0,17,62,4,3,0,27,0,0,0,0,1,11,25,6,4,0,49
716,MoncDo00,0,0,0,0,0,0,0,2,1,0,2,0,0,0,0,0,0,0,0,0,0,0
717,MondKe00,3,2,12,0,0,0,0,1,1,0,0,3,2,10,0,0,0,0,0,0,0,0
718,MontDJ01,0,0,0,0,0,0,0,2,1,0,7,0,0,0,0,0,0,0,0,0,0,0
719,MontDa01,0,0,0,0,0,15,60,3,3,0,22,0,0,0,0,0,7,23,0,0,0,0
720,MontTy01,0,0,0,0,0,2,7,1,1,0,7,0,0,0,0,0,2,0,3,3,1,20
721,MoonDa00,0,0,0,0,0,0,1,7,4,0,54,0,0,0,0,0,0,0,0,0,0,0
722,MoorCJ01,0,0,0,0,0,1,23,1,1,0,0,0,0,0,0,0,1,38,0,0,0,0
723,MoorCh00,0,0,0,0,0,0,0,3,2,0,23,0,0,0,0,0,1,0,4,2,0,24
724,MoorD.00,0,0,0,0,0,0,3,8,5,0,60,0,0,0,0,0,0,0,6,1,0,15
725,MoorDa03,0,0,0,0,0,0,2,3,2,0,30,0,0,0,0,0,0,0,0,0,0,0
726,MoorEl00,0,0,0,0,0,0,1,5,3,0,48,0,0,0,0,0,0,0,1,1,0,15
727,MoorJa02,0,0,0,0,0,0,0,1,1,0,3,0,0,0,0,0,0,0,0,0,0,0
728,MoorMa01,15,8,108,1,0,1,0,1,1,0,0,0,0,0,0,0,1,0,0,0,0,0
729,MoorRo02,0,0,0,0,0,1,3,6,4,0,45,0,0,0,0,0,1,0,0,0,0,0
730,MoorSk01,0,0,0,0,0,0,1,2,1,0,13,0,0,0,0,0,0,0,4,3,0,46
731,MoreFo00,0,0,0,0,0,0,0,2,2,0,20,0,0,0,0,0,0,0,1,1,0,15
732,MorgSt02,0,0,0,0,0,0,0,1,1,0,0,0,0,0,0,0,0,0,0,0,0,0
733,MorrAl00,0,0,0,0,0,6,25,0,1,0,2,0,0,0,0,0,5,12,0,1,0,0
734,MorrQu00,0,0,0,0,0,0,0,1,1,0,4,0,0,0,0,0,0,0,0,0,0,0
735,MossZa00,0,0,0,0,0,8,32,1,2,0,7,0,0,0,0,1,18,102,3,2,0,11
736,MostRa00,0,0,0,0,0,11,62,1,2,0,12,0,0,0,0,0,11,67,2,1,0,0
737,MullNi00,24,16,157,1,0,1,1,1,1,0,0,14,8,98,0,0,4,8,0,0,0,0
738,MundJo00,0,0,0,0,0,0,0,1,1,0,4,0,0,0,0,0,0,0,0,0,0,0
739,MurrKy00,34,22,261,1,1,7,39,1,1,0,0,2,1,8,0,0,1,3,0,0,0,0
740,MurrLa00,0,0,0,0,0,9,45,2,2,0,12,0,0,0,0,1,15,103,1,1,0,15
741,MyarCh00,0,0,0,0,0,0,0,1,1,0,3,0,0,0,0,0,0,0,0,0,0,0
742,NabeGa00,0,0,0,0,0,0,0,0,1,0,2,0,0,0,0,0,1,2,0,0,0,0
743,NailJa00,0,0,0,0,0,0,0,2,2,0,28,0,0,0,0,0,0,0,5,4,0,59
744,NallRy00,0,0,0,0,0,0,0,0,1,0,2,0,0,0,0,0,0,0,0,0,0,0
745,NatsJo00,0,0,0,0,0,0,1,1,1,0,0,0,0,0,0,0,0,0,0,0,0,0
746,NautIs00,0,0,0,0,0,0,0,0,1,0,1,0,0,0,0,0,0,0,0,0,0,0
747,NealSi00,0,0,0,0,0,0,0,2,1,0,12,0,0,0,0,0,0,0,1,1,0,17
748,NeasSh00,0,0,0,0,0,1,2,1,1,0,0,0,0,0,0,0,1,2,0,0,0,0
749,NelsJJ00,0,0,0,0,0,0,0,2,2,0,23,0,0,0,0,0,0,0,4,4,1,41
750,NelsMa00,0,0,0,0,0,0,0,1,1,0,0,0,0,0,0,0,0,0,0,0,0,0
751,NelsQu00,0,0,0,0,0,1,0,1,1,0,0,0,0,0,0,0,1,0,0,0,0,0
752,NewsDa00,0,0,0,0,0,0,0,2,1,0,8,0,0,0,0,0,0,0,2,1,0,17
753,NewtCa00,24,14,169,0,0,8,36,0,0,0,2,0,0,0,0,0,1,5,0,0,0,0
754,NixxRo01,0,0,0,0,0,0,0,2,1,0,2,0,0,0,0,0,0,0,0,0,0,0
755,NjokDa00,0,0,0,0,0,0,0,4,3,0,36,0,0,0,0,0,0,0,5,4,1,44
756,NwanKe00,0,0,0,0,0,2,9,1,1,0,4,0,0,0,0,0,5,13,1,1,0,16
757,O'ShJa00,0,0,0,0,0,0,0,3,2,0,26,0,0,0,0,0,0,0,4,3,0,49
758,OLeaNi00,0,0,0,0,0,0,0,2,1,0,10,0,0,0,0,0,0,0,0,0,0,0
759,OgunDa00,0,0,0,0,0,2,8,1,2,0,11,0,0,0,0,0,11,32,6,4,0,24
760,OkonCh00,0,0,0,0,0,0,0,3,2,0,32,0,0,0,0,0,0,0,4,3,1,53
761,OkwuAl00,0,0,0,0,0,0,0,2,2,0,27,0,0,0,0,0,0,0,1,0,0,0
762,OlavCh00,0,0,0,0,0,0,0,8,5,0,60,0,0,0,0,0,0,0,9,6,1,56
763,OlawJa00,0,0,0,0,0,0,0,1,1,0,0,0,0,0,0,0,0,0,0,0,0,0
764,OlivJo00,0,0,0,0,0,0,0,1,1,0,5,0,0,0,0,0,0,0,1,0,0,0
765,OlliQa00,0,0,0,0,0,3,10,0,1,0,1,0,0,0,0,0,0,0,0,0,0,0
766,OlseGr00,0,0,0,0,0,0,0,5,3,0,34,0,0,0,0,0,0,0,0,0,0,0
767,OlszGu00,0,0,0,0,0,0,2,1,1,0,4,0,0,0,0,0,2,4,0,0,0,0
768,OrtiRi00,0,0,0,0,0,0,0,1,1,0,4,0,0,0,0,0,0,0,0,0,0,0
769,OsboKJ00,0,0,0,0,0,0,0,5,3,0,36,0,0,0,0,0,0,0,8,4,0,106
770,OttoCa00,0,0,0,0,0,0,0,4,3,0,29,0,0,0,0,0,0,0,1,1,0,7
771,OzigDe01,0,0,0,0,0,1,1,1,1,0,4,0,0,0,0,0,2,2,0,0,0,0
772,PachIs00,0,0,0,0,0,9,51,1,1,0,7,0,0,0,0,1,8,63,0,0,0,0
773,PalaMi00,1,1,6,0,0,1,1,1,1,0,0,0,0,0,0,0,1,1,0,0,0,0
774,PalmJo00,0,0,0,0,0,0,0,5,3,0,43,0,0,0,0,0,0,0,6,5,0,56
775,ParhDo00,0,0,0,0,0,0,0,2,2,0,13,0,0,0,0,0,0,0,2,1,0,32
776,ParkCo02,0,0,0,0,0,0,0,1,1,0,8,0,0,0,0,0,0,0,2,2,0,47
777,ParkDe01,0,0,0,0,0,0,0,6,4,0,45,0,0,0,0,0,0,0,9,5,2,55
778,PascZa00,0,0,0,0,0,0,1,3,3,0,36,0,0,0,0,0,0,0,0,0,0,0
779,PatmDe00,0,0,0,0,0,0,0,1,1,0,4,0,0,0,0,0,0,0,3,2,0,31
780,PatrJa01,0,0,0,0,0,2,12,1,1,0,0,0,0,0,0,0,2,12,0,0,0,0
781,PatrTi00,0,0,0,0,0,0,0,5,3,0,36,0,0,0,0,0,0,0,9,6,0,59
782,PattAn00,0,0,0,0,0,0,0,2,1,0,3,0,0,0,0,0,0,0,3,0,0,0
783,PattCo00,0,0,0,0,0,6,29,2,2,0,17,0,0,0,0,1,5,17,2,2,0,9
784,PattJa01,0,0,0,0,0,6,22,1,1,0,2,0,0,0,0,0,17,67,0,1,0,0
785,PennEl00,0,0,0,0,0,1,3,1,1,0,1,0,0,0,0,0,0,0,1,0,0,0
786,PennRa00,0,0,0,0,0,9,66,1,1,0,4,0,0,0,0,0,8,52,0,0,0,0
787,PeopDo00,0,0,0,0,0,0,0,4,2,0,44,0,0,0,0,0,0,0,4,2,0,49
788,PeriLa00,0,0,0,0,0,6,23,1,1,0,4,0,0,0,0,0,7,27,0,0,0,0
789,PeriSa00,0,0,0,0,0,4,20,2,2,0,15,0,0,0,0,0,6,17,1,1,0,5
790,PerkBr02,7,4,28,0,0,4,19,1,1,0,0,0,0,0,0,0,1,0,0,0,0,0
791,PerkJo02,0,0,0,0,0,0,0,3,2,0,15,0,0,0,0,0,0,0,0,0,0,0
792,PerkPa00,0,0,0,0,0,4,10,1,0,0,3,0,0,0,0,0,7,8,1,1,0,9
793,PerrBr02,0,0,0,0,0,0,0,4,2,0,30,0,0,0,0,0,0,0,3,1,0,13
794,PerrMa00,0,0,0,0,0,0,1,2,1,0,15,0,0,0,0,0,0,0,1,1,1,31
795,PerrSe00,0,0,0,0,0,2,6,1,1,0,0,0,0,0,0,0,2,10,0,0,0,0
796,PeteAd01,0,0,0,0,0,12,48,1,1,0,6,0,0,0,0,1,11,17,0,0,0,0
797,PeteNa00,6,4,26,0,0,1,3,1,1,0,0,20,11,132,1,0,1,6,0,0,0,0
798,PettDa00,0,1,1,0,0,0,1,2,2,0,14,0,0,0,0,0,0,0,4,2,0,26
799,PhilKy01,0,0,0,0,0,0,0,3,2,0,14,0,0,0,0,0,0,0,2,1,0,11
800,PhilSc01,0,0,0,0,0,2,5,1,1,0,3,0,0,0,0,0,1,2,0,0,0,0
801,PickGe00,0,0,0,0,0,0,1,6,3,0,51,0,0,0,0,0,0,0,7,3,1,55
802,PickKe00,29,19,198,1,0,4,19,1,1,0,0,29,16,168,1,0,3,1,0,0,0,0
803,PierAl00,0,0,0,0,0,0,0,5,3,0,40,0,0,0,0,0,0,0,5,3,0,43
804,PierAr00,0,0,0,0,0,2,7,1,1,0,0,0,0,0,0,0,0,0,0,0,0,0
805,PierDa01,0,0,0,0,0,16,61,3,2,0,16,0,0,0,0,1,22,67,0,0,0,0
806,PinkJa02,0,0,0,0,0,0,0,1,1,0,0,0,0,0,0,0,0,0,0,0,0,0
807,PintDa00,0,0,0,0,0,0,0,2,1,1,2,0,0,0,0,0,0,0,1,1,1,3
808,PittKy00,0,0,0,0,0,0,0,6,4,0,53,0,0,0,0,0,0,0,4,3,0,44
809,PittMi01,0,0,0,0,0,0,2,7,4,0,52,0,0,0,0,0,1,0,5,3,1,49
810,PoljTo00,0,0,0,0,0,0,0,1,1,0,0,0,0,0,0,0,0,0,0,0,0,0
811,PollTo00,0,0,0,0,0,8,44,2,2,0,17,0,0,0,0,0,7,19,0,1,0,0
812,PopeTr00,0,0,0,0,0,4,14,2,1,0,6,0,0,0,0,0,1,0,1,1,0,3
813,PoweBi00,0,0,0,0,0,4,18,1,1,0,2,0,0,0,0,0,7,30,0,0,0,0
814,PoweBr00,0,0,0,0,0,1,2,2,1,0,7,0,0,0,0,0,1,13,3,1,0,2
815,PoweCo00,0,0,0,0,0,0,0,1,1,0,0,0,0,0,0,0,0,0,0,0,0,0
816,PrenAd00,0,0,0,0,0,0,0,1,0,0,2,0,0,0,0,0,0,0,0,0,0,0
817,PresDa01,38,25,279,2,0,4,15,1,1,0,0,34,20,130,1,0,6,16,0,0,0,0
818,PricBo00,0,0,0,0,0,0,0,2,1,0,14,0,0,0,0,0,0,0,1,1,0,22
819,PrinBy00,0,0,0,0,0,0,0,2,1,0,20,0,0,0,0,0,0,0,1,1,0,7
820,ProcJa00,0,0,0,0,0,0,0,1,1,0,4,0,0,0,0,0,0,0,1,0,0,0
821,ProsC.00,0,0,0,0,0,2,6,1,1,0,8,0,0,0,0,0,1,2,1,1,0,14
822,PruiMy00,0,0,0,0,0,0,0,1,1,0,6,0,0,0,0,0,0,0,4,3,1,45
823,PurdBr00,18,12,147,2,0,2,2,1,1,0,0,21,14,157,2,0,4,7,0,0,0,0
824,QuesDa00,0,0,0,0,0,0,0,2,1,1,0,0,0,0,0,0,0,0,1,1,1,1
825,QuesPa00,0,0,0,0,0,0,0,1,1,0,0,0,0,0,0,0,0,0,0,0,0,0
826,QuinTr00,0,0,0,0,0,0,0,3,2,0,18,0,0,0,0,0,0,0,0,0,0,0
827,QuitTe00,0,0,0,0,0,0,0,2,1,0,8,0,0,0,0,0,0,0,5,3,0,59
828,RadeKe00,0,0,0,0,0,0,0,0,1,0,0,0,0,0,0,0,0,0,0,0,0,0
829,RagaTr00,0,0,0,0,0,1,10,2,2,0,5,0,0,0,0,0,1,9,2,2,0,8
830,RalsNi00,0,0,0,0,0,0,0,1,1,0,0,0,0,0,0,0,0,0,0,0,0,0
831,RatlDa00,0,0,0,0,0,0,0,2,1,0,11,0,0,0,0,0,0,0,0,0,0,0
832,RaymKa00,0,0,0,0,0,0,1,3,2,0,31,0,0,0,0,0,0,0,5,4,0,54
833,ReagJa00,0,0,0,0,0,0,2,3,2,0,22,0,0,0,0,0,1,5,2,2,0,20
834,ReedJo02,0,0,0,0,0,0,0,4,2,0,24,0,0,0,0,0,0,0,1,0,0,0
835,ReedJo03,0,0,0,0,0,1,4,1,1,0,0,0,0,0,0,0,0,0,0,0,0,0
836,ReidJu00,0,0,0,0,0,1,2,1,1,0,0,0,0,0,0,0,1,2,0,0,0,0
837,RemmMi00,0,0,0,0,0,0,0,2,1,0,0,0,0,0,0,0,0,0,1,1,0,0
838,RenfHu00,0,0,0,0,0,0,0,6,4,0,42,0,0,0,0,0,0,0,8,6,1,56
839,ReyeSa00,0,0,0,0,0,0,0,1,1,0,0,0,0,0,0,0,0,0,0,0,0,0
840,ReynCr00,0,0,0,0,0,6,25,1,1,0,12,0,0,0,0,0,0,0,0,0,0,0
841,ReynJo00,0,0,0,0,0,0,1,4,3,0,34,0,0,0,0,0,0,0,2,1,0,20
842,RicaPa00,0,0,0,0,0,0,0,1,1,0,3,0,0,0,0,0,0,0,0,0,0,0
843,RiccGi00,0,0,0,0,0,0,0,1,0,0,3,0,0,0,0,0,0,0,0,0,0,0
844,RichJa01,0,0,0,0,0,2,8,2,2,0,16,0,0,0,0,0,0,0,1,1,0,6
845,RichPa01,0,0,0,0,0,0,0,4,3,0,31,0,0,0,0,0,0,0,2,1,0,10
846,RiddDe00,28,18,190,1,0,4,16,1,1,0,0,30,19,189,2,0,1,10,0,0,0,0
847,RiddTh00,0,0,0,0,0,2,3,2,1,0,7,0,0,0,0,0,0,0,5,4,0,38
848,RidlCa00,0,0,0,0,0,0,1,9,5,0,68,0,0,0,0,0,0,0,6,5,1,44
849,RidlRi00,0,0,0,0,0,0,0,1,1,0,9,0,0,0,0,0,0,0,2,2,0,33
850,RivePh00,35,24,265,2,0,1,1,1,1,0,0,43,26,291,2,0,1,0,0,0,0,0
851,RiveRo01,0,0,0,0,0,3,7,2,2,0,13,0,0,0,0,0,0,0,0,0,0,0
852,RobeAn00,0,0,0,0,0,0,1,1,0,0,3,0,0,0,0,0,0,0,0,0,0,0
853,RobeEl00,0,0,0,0,0,1,0,1,1,0,20,0,0,0,0,0,1,0,0,0,0,0
854,RobeSe00,0,0,0,0,0,0,0,2,1,0,15,0,0,0,0,0,0,0,0,0,0,0
855,RobiAl02,0,0,0,0,0,0,0,7,4,0,44,0,0,0,0,0,0,0,6,3,1,51
856,RobiBr01,0,0,0,0,0,17,62,1,1,0,4,0,0,0,0,0,24,67,1,1,0,0
857,RobiDe01,0,0,0,0,0,0,0,3,2,0,31,0,0,0,0,0,0,0,4,2,0,30
858,RobiJa00,0,0,0,0,0,13,59,3,3,0,18,0,0,0,0,0,4,10,0,0,0,0
859,RobiWa01,0,0,0,0,0,0,0,5,4,0,59,0,0,0,0,0,1,4,11,8,0,101
860,RodgAa00,34,22,261,2,0,2,8,1,1,0,0,27,17,178,1,0,3,11,1,0,0,0
861,RodgAm00,0,0,0,0,0,0,1,1,1,0,7,0,0,0,0,0,0,0,3,3,0,26
862,RodgRi00,0,0,0,0,0,0,0,1,1,0,7,0,0,0,0,0,0,0,0,0,0,0
863,RoetBe00,40,26,266,2,0,2,1,1,1,0,0,43,25,187,2,0,2,0,0,0,0,0
864,RogeAr00,0,0,0,0,0,0,2,1,1,0,5,0,0,0,0,0,1,2,0,0,0,0
865,RogeCh02,0,0,0,0,0,0,1,3,2,0,18,0,0,0,0,0,0,0,1,1,0,1
866,RoseJo01,14,7,68,0,0,1,2,1,1,0,0,3,1,5,0,0,0,0,0,0,0,0
867,RossJo00,0,0,0,0,0,0,1,4,2,0,43,0,0,0,0,0,0,0,1,1,0,11
868,RounLa00,0,0,0,0,0,4,10,1,1,0,1,0,0,0,0,0,3,4,1,1,0,0
869,RuckJe00,0,0,0,0,0,0,0,1,1,0,1,0,0,0,0,0,0,0,1,1,0,12
870,RudoKy00,0,0,0,0,0,0,0,3,2,0,24,0,0,0,0,0,0,0,1,1,1,10
871,RudoMa00,24,14,158,1,0,2,5,1,1,0,0,7,5,33,0,0,1,15,0,0,0,0
872,RuggHe00,0,0,0,0,0,1,3,4,2,0,51,0,0,0,0,0,1,7,4,3,0,24
873,RushCo00,17,11,124,1,0,2,0,1,1,0,0,1,0,0,0,0,0,0,0,0,0,0
874,RyanMa00,37,24,272,2,0,2,6,1,1,0,0,34,19,184,1,0,3,1,1,0,0,0
875,RypiBr00,18,10,111,0,0,2,0,1,1,0,0,7,4,39,0,0,0,0,0,0,0,0
876,SambTy00,0,0,0,0,0,0,0,2,1,0,40,0,0,0,0,0,0,0,1,1,1,38
877,SampDr00,0,0,0,0,0,0,0,2,1,0,8,0,0,0,0,0,0,0,1,0,0,0
878,SamuCu00,0,0,0,0,0,2,10,6,4,0,50,0,0,0,0,0,1,0,1,1,0,0
879,SamuDe00,0,0,0,0,0,3,18,6,5,0,79,0,0,0,0,0,1,4,3,2,0,22
880,SamuJa00,0,1,1,0,0,3,7,3,2,0,13,0,0,0,0,0,3,8,3,3,0,15
881,SandBr00,0,0,0,0,0,0,0,1,1,0,4,0,0,0,0,0,0,0,0,0,0,0
882,SandEm00,0,1,1,0,0,0,1,6,3,0,42,0,0,0,0,0,0,0,1,1,0,20
883,SandJa00,0,0,0,0,0,0,0,2,1,1,0,0,0,0,0,0,0,0,1,1,1,0
884,SandMi01,0,0,0,0,0,13,62,3,2,0,20,0,0,0,0,0,11,31,1,0,0,0
885,SanuMo00,0,0,0,0,0,0,0,4,3,0,29,0,0,0,0,0,0,0,3,1,0,7
886,SargMe00,0,0,0,0,0,2,2,1,1,0,0,0,0,0,0,0,1,3,0,0,0,0
887,SaubEr00,0,0,0,0,0,0,0,1,1,0,4,0,0,0,0,0,0,0,0,0,0,0
888,SaunCJ00,0,0,0,0,0,0,0,2,1,0,3,0,0,0,0,0,0,0,2,1,0,17
889,ScarBo01,0,0,0,0,0,13,60,1,1,0,0,0,0,0,0,0,6,31,0,0,0,0
890,ScarJo00,0,0,0,0,0,2,2,1,1,0,0,0,0,0,0,0,0,0,0,0,0,0
891,SchaMa00,11,7,64,1,0,1,0,1,1,0,0,0,0,0,0,0,3,0,0,0,0,0
892,SchaMa01,0,0,0,0,0,0,0,1,0,0,7,0,0,0,0,0,0,0,0,0,0,4
893,SchnSp00,0,0,0,0,0,0,0,1,1,0,0,0,0,0,0,0,0,0,0,0,0,0
894,SchrMa00,0,0,0,0,0,0,0,0,1,0,0,0,0,0,0,0,0,0,0,0,0,0
895,SchuDa00,0,0,0,0,0,0,0,4,3,0,30,0,0,0,0,0,0,0,7,4,0,39
896,SchwAn00,0,0,0,0,0,0,4,2,1,0,6,0,0,0,0,0,1,6,1,1,0,12
897,ScotBo02,0,0,0,0,0,6,25,1,2,0,9,0,0,0,0,1,9,52,0,0,0,0
898,ScotDa02,0,0,0,0,0,0,1,1,1,0,4,0,0,0,0,0,0,0,0,0,0,0
899,ScotJa02,0,0,0,0,0,0,0,2,1,0,12,0,0,0,0,0,0,0,1,1,0,20
900,ScotNi01,0,0,0,0,0,1,3,1,1,0,11,0,0,0,0,0,1,6,0,0,0,0
901,SealRi00,0,0,0,0,0,0,0,2,2,0,20,0,0,0,0,0,0,0,2,1,0,12
902,SermTr00,0,0,0,0,0,6,28,1,1,0,4,0,0,0,0,0,0,0,0,0,0,0
903,SewePe00,0,0,0,0,0,0,0,2,1,0,6,0,0,0,0,0,0,0,2,1,0,13
904,ShahAd00,0,0,0,0,0,0,0,1,1,0,7,0,0,0,0,0,0,0,0,0,0,0
905,ShahRa00,0,0,0,0,0,0,5,3,2,0,47,0,0,0,0,0,1,6,5,3,0,40
906,ShakKh00,0,0,0,0,0,0,0,1,1,0,8,0,0,0,0,0,0,0,2,1,0,32
907,SharTa00,0,0,0,0,0,0,0,3,1,0,17,0,0,0,0,0,0,0,2,0,0,0
908,ShenLa00,0,0,0,0,0,1,5,5,4,0,41,0,0,0,0,0,1,1,1,1,0,11
909,ShepDa00,0,0,0,0,0,0,0,1,1,0,3,0,0,0,0,0,0,0,0,0,0,0
910,ShepRu00,0,0,0,0,0,0,0,3,1,0,4,0,0,0,0,0,0,0,4,1,0,9
911,ShepSt00,0,0,0,0,0,0,3,8,5,0,45,0,0,0,0,0,0,0,9,5,0,54
912,SherAn00,0,0,0,0,0,0,1,0,0,0,1,0,0,0,0,0,0,0,0,0,0,0
913,SherTr00,0,0,0,0,0,0,0,1,1,0,7,0,0,0,0,0,0,0,0,0,0,0
914,SiemTr00,24,16,158,1,0,2,3,1,1,0,0,25,15,149,1,0,4,8,0,0,0,0
915,SillDa01,0,0,0,0,0,0,0,2,1,0,8,0,0,0,0,0,0,0,0,0,0,0
916,SimoSc00,0,0,0,0,0,0,0,1,0,0,2,0,0,0,0,0,0,0,0,0,0,0
917,SimsCa00,0,0,0,0,0,0,0,3,1,0,18,0,0,0,0,0,0,0,0,0,0,0
918,SimsSt00,0,0,0,0,0,1,5,3,2,0,23,0,0,0,0,0,1,15,0,0,0,0
919,SingDe00,0,0,0,0,0,11,53,3,2,0,19,0,0,0,0,0,7,30,1,1,0,3
920,SkowBe00,0,0,0,0,0,0,1,3,2,0,16,0,0,0,0,0,0,0,3,1,0,5
921,SkurMa01,0,0,0,0,0,1,0,1,1,0,0,0,0,0,0,0,1,0,1,0,0,0
922,SlatMa00,0,0,0,0,0,0,0,1,1,0,0,0,0,0,0,0,0,0,0,0,0,0
923,SlayDa01,0,0,0,0,0,0,0,6,3,0,35,0,0,0,0,0,0,0,0,0,0,0
924,SmalWe00,0,0,0,0,0,2,8,1,1,0,6,0,0,0,0,0,4,12,2,2,0,8
925,SmarSt00,0,0,0,0,0,0,0,1,1,0,3,0,0,0,0,0,0,0,0,0,0,0
926,SmitAl03,32,20,242,1,0,2,0,1,1,0,0,32,20,165,1,0,1,0,0,0,0,0
927,SmitDe04,0,0,0,0,0,0,0,2,1,0,28,0,0,0,0,0,0,0,1,0,0,0
928,SmitDe07,0,0,0,0,0,0,0,7,4,0,60,0,0,0,0,0,0,0,9,6,0,56
929,SmitGe00,30,21,209,2,0,4,19,1,1,0,0,32,18,174,1,0,4,48,1,0,0,0
930,SmitIh00,0,0,0,0,0,0,0,1,1,0,6,0,0,0,0,0,0,0,0,0,0,0
931,SmitIr01,0,0,0,0,0,0,0,3,3,0,32,0,0,0,0,0,0,0,4,3,0,18
932,SmitIt00,0,0,0,0,0,4,18,1,2,0,6,0,0,0,0,1,1,4,0,0,0,0
933,SmitJe03,0,0,0,0,0,0,0,2,1,0,9,0,0,0,0,0,0,0,6,3,0,56
934,SmitJo01,0,0,0,0,0,0,2,2,3,0,30,0,0,0,0,0,0,0,4,3,0,23
935,SmitJu00,0,0,0,0,0,0,0,7,5,0,43,0,0,0,0,0,0,0,2,1,0,31
936,SmitKa00,0,0,0,0,0,0,0,2,2,0,13,0,0,0,0,0,0,0,0,0,0,0
937,SmitKe03,0,0,0,0,0,0,0,1,0,0,2,0,0,0,0,0,0,0,0,0,0,0
938,SmitLe00,0,0,0,0,0,0,0,1,1,0,3,0,0,0,0,0,0,0,0,0,0,0
939,SmitRo06,0,0,0,0,0,0,0,1,1,0,0,0,0,0,0,0,0,0,0,0,0,0
940,SmitRo08,0,0,0,0,0,4,19,1,2,0,9,0,0,0,0,0,0,0,0,0,0,0
941,SmitSh03,0,0,0,0,0,0,0,2,1,0,19,0,0,0,0,0,0,0,1,0,0,0
942,SmitSu00,0,0,0,0,0,0,0,1,1,0,0,0,0,0,0,0,0,0,0,0,0,0
943,SmitTr03,0,0,0,0,0,0,0,3,2,0,26,0,0,0,0,0,0,0,1,1,0,10
944,SmitTr04,0,0,0,0,0,1,7,1,1,0,0,0,0,0,0,0,1,7,0,0,0,0
945,SmitVy00,0,0,0,0,0,0,3,2,1,0,9,0,0,0,0,0,0,0,0,0,0,0
946,SmytDu00,0,0,0,0,0,0,0,2,1,0,13,0,0,0,0,0,0,0,4,3,0,36
947,SneaWi00,0,0,0,0,0,0,0,3,2,0,24,0,0,0,0,0,0,0,0,0,0,0
948,SnelBe00,0,0,0,0,0,6,24,1,1,0,2,0,0,0,0,0,2,4,0,0,0,0
949,SokoMa00,0,0,0,0,0,0,0,1,1,0,0,0,0,0,0,0,0,0,0,0,0,0
950,SoweBr00,0,0,0,0,0,0,0,1,1,0,0,0,0,0,0,0,0,0,0,0,0,0
951,SpenDi00,0,0,0,0,0,0,1,1,1,0,2,0,0,0,0,0,0,0,0,0,0,0
952,SpilIs00,0,0,0,0,0,3,7,1,1,0,2,0,0,0,0,0,0,0,0,0,0,0
953,SpriJe00,0,0,0,0,0,0,0,1,1,0,4,0,0,0,0,0,0,0,0,0,0,0
954,SproDa00,0,0,0,0,0,3,12,2,1,0,2,0,0,0,0,0,2,7,2,1,0,4
955,St.BEq00,0,0,0,0,0,0,2,2,1,0,11,0,0,0,0,0,0,0,1,1,0,5
956,StafMa00,34,22,266,2,0,2,5,1,1,0,0,18,11,165,2,0,1,4,0,0,0,0
957,StanJo02,0,0,0,0,0,1,1,1,1,0,2,0,0,0,0,0,1,0,0,0,0,0
958,SteeTe01,0,0,0,0,0,0,0,2,1,1,0,0,0,0,0,0,0,0,1,1,1,1
959,SterJa00,0,0,0,0,0,0,0,1,1,0,4,0,0,0,0,0,0,0,0,0,0,0
960,StevMa00,0,0,0,0,0,0,0,1,1,0,0,0,0,0,0,0,0,0,0,0,0,0
961,StevRh00,0,0,0,0,0,12,58,4,3,0,23,0,0,0,0,0,6,51,7,5,0,31
962,StevTo01,0,0,0,0,0,4,25,1,1,0,0,0,0,0,0,0,4,23,0,0,0,0
963,StewM.00,0,0,0,0,0,1,3,1,1,0,0,0,0,0,0,0,1,3,0,0,0,0
964,SticEa00,1,1,4,0,0,1,0,1,1,0,0,1,1,4,0,0,1,0,0,0,0,0
965,StidJa00,12,8,76,0,0,2,8,1,1,0,0,41,21,179,1,0,5,48,0,0,0,0
966,StilKe00,0,0,0,0,0,0,0,3,2,0,30,0,0,0,0,0,0,0,0,0,0,0
967,StocLu00,0,0,0,0,0,0,0,1,1,0,3,0,0,0,0,0,0,0,0,0,0,0
968,StolJa00,0,0,0,0,0,0,0,1,1,0,3,0,0,0,0,0,0,0,0,0,0,0
969,StonDi00,0,0,0,0,0,0,0,1,1,0,0,0,0,0,0,0,0,0,0,0,0,0
970,StraMi03,0,0,0,0,0,0,0,1,1,0,3,0,0,0,0,0,0,0,0,0,0,0
971,StreCh00,8,5,45,0,0,3,15,1,1,0,0,15,10,115,1,0,9,51,1,0,0,0
972,StroPi00,0,0,0,0,0,2,13,1,1,0,4,0,0,0,0,0,0,0,0,0,0,0
973,StxxAm00,0,0,0,0,0,1,5,7,6,0,60,0,0,0,0,0,0,0,9,6,0,53
974,SudfNa00,4,1,4,0,0,2,3,1,1,0,0,0,0,0,0,0,3,0,0,0,0,0
975,SullSt00,0,0,0,0,0,0,0,1,1,0,3,0,0,0,0,0,0,0,0,0,0,0
976,SuttCo00,0,1,1,0,0,0,0,8,4,0,53,0,0,0,0,0,0,0,6,4,1,52
977,SwaiFr00,0,0,0,0,0,0,1,2,1,0,21,0,0,0,0,0,0,0,3,2,0,51
978,SwaiGe00,0,0,0,0,0,0,0,2,1,0,9,0,0,0,0,0,0,0,1,1,0,7
979,SweeTo00,0,0,0,0,0,0,0,1,1,0,3,0,0,0,0,0,0,0,0,0,0,0
980,SwifDA00,0,0,0,0,0,9,43,5,4,0,37,0,0,0,0,0,6,24,8,6,0,52
981,SwitRy00,0,0,0,0,0,0,0,2,1,0,0,0,0,0,0,0,0,0,0,0,0,0
982,SwooTy00,0,0,0,0,0,0,0,1,0,0,1,0,0,0,0,0,0,0,1,1,0,7
983,TagoTu00,30,20,209,2,0,3,9,1,1,0,0,25,15,227,1,0,1,0,0,0,0,0
984,TannAl00,1,1,1,0,0,0,0,1,1,0,0,1,1,0,0,0,0,0,0,0,0,0
985,TannRy00,27,19,208,1,0,4,14,1,1,0,0,23,13,158,1,1,3,1,1,0,0,0
986,TateAu00,0,0,0,0,0,0,0,4,2,0,28,0,0,0,0,0,0,0,0,0,0,0
987,TateGo00,0,1,1,0,0,0,1,5,3,0,40,0,0,0,0,0,0,0,3,2,0,20
988,TaylJJ01,0,0,0,0,0,4,13,1,1,0,2,0,0,0,0,0,10,10,2,1,0,8
989,TaylJo02,0,0,0,0,1,17,91,3,2,0,20,0,0,0,0,0,0,0,1,1,0,17
990,TaylMa01,0,0,0,0,0,0,0,1,1,0,3,0,0,0,0,0,0,0,0,0,0,0
991,TaylPa01,0,0,0,0,0,3,12,1,0,0,2,0,0,0,0,0,5,10,0,0,0,0
992,TaylTa00,0,0,0,0,0,0,0,1,1,0,0,0,0,0,0,0,0,0,1,0,0,0
993,TaylTr02,0,0,0,0,0,0,1,1,1,0,6,0,0,0,0,0,0,0,0,0,0,0
994,TaylTy00,16,9,107,1,0,3,18,1,1,0,0,8,5,46,1,0,1,37,0,0,0,0
995,TellWy00,0,0,0,0,0,0,0,2,1,0,0,0,0,0,0,0,0,0,2,0,0,0
996,ThieAd00,0,0,0,0,0,0,0,7,4,0,50,0,0,0,0,0,1,4,3,2,1,8
997,ThomAn02,0,0,0,0,0,0,0,2,1,1,2,0,0,0,0,0,0,0,2,1,1,3
998,ThomCh03,0,0,0,0,0,2,8,3,3,0,31,0,0,0,0,0,0,0,0,0,0,0
999,ThomCo03,0,0,0,0,0,0,0,0,1,0,0,0,0,0,0,0,0,0,0,0,0,0
1000,ThomCo04,0,0,0,0,0,0,0,1,1,0,0,0,0,0,0,0,0,0,0,0,0,0
1001,ThomDa05,0,0,0,0,0,1,3,1,1,0,0,0,0,0,0,0,1,3,0,0,0,0
1002,ThomDa06,0,0,0,0,0,3,13,1,1,0,4,0,0,0,0,0,0,0,0,0,0,0
1003,ThomDe03,0,0,0,0,0,0,0,5,3,0,41,0,0,0,0,0,0,0,4,3,1,31
1004,ThomDe05,0,0,0,0,0,0,0,1,1,0,1,0,0,0,0,0,1,1,0,0,0,0
1005,ThomDe07,0,0,0,0,0,1,6,2,1,0,8,0,0,0,0,0,1,16,7,4,0,44
1006,ThomIa00,0,0,0,0,0,0,0,2,1,0,8,0,0,0,0,0,0,0,0,0,0,0
1007,ThomJo05,0,0,0,0,0,0,0,1,1,0,2,0,0,0,0,0,0,0,0,0,0,0
1008,ThomLo00,0,0,0,0,0,0,0,4,3,0,34,0,0,0,0,0,0,0,2,2,0,21
1009,ThomMi04,0,0,0,0,0,0,0,1,1,0,4,0,0,0,0,0,0,0,0,0,0,0
1010,ThomMi05,0,0,0,0,0,0,0,9,7,0,78,0,0,0,0,0,0,0,6,4,0,47
1011,ThomSk00,15,8,90,0,0,2,3,1,1,0,0,31,19,177,1,0,3,3,0,0,0,0
1012,ThorTy00,0,0,0,0,0,0,1,4,2,0,28,0,0,0,0,0,0,0,2,1,0,17
1013,TogiNo00,0,0,0,0,0,0,0,1,1,0,0,0,0,0,0,0,0,0,0,0,0,0
1014,ToilLe00,0,0,0,0,0,0,0,0,0,0,2,0,0,0,0,0,0,0,1,1,0,15
1015,TolbJa00,0,0,0,0,0,0,0,1,1,0,2,0,0,0,0,0,0,0,0,0,0,0
1016,TomlEr01,0,0,0,0,0,0,0,1,0,0,1,0,0,0,0,0,0,0,1,1,1,4
1017,ToneKa00,0,1,1,0,0,1,5,4,3,0,35,0,0,0,0,1,3,27,2,2,0,18
1018,TongJa00,0,0,0,0,0,0,0,1,1,0,0,0,0,0,0,0,0,0,0,0,0,0
1019,TonyRo00,0,0,0,0,0,0,0,3,2,0,30,0,0,0,0,0,0,0,4,2,0,33
1020,TourSa00,0,0,0,0,0,0,0,1,1,0,7,0,0,0,0,0,0,0,0,0,0,0
1021,TownTo01,1,1,9,0,0,0,0,1,1,0,0,1,0,0,0,0,0,0,0,0,0,0
1022,TramAu00,0,0,0,0,0,0,0,1,1,0,2,0,0,0,0,0,0,0,0,0,0,0
1023,TrasKy00,8,4,24,0,0,0,0,1,1,0,0,8,4,22,0,0,0,0,0,0,0,0
1024,TrauAd00,0,0,0,0,0,0,0,2,2,0,17,0,0,0,0,0,0,0,1,1,0,22
1025,TravRo00,0,0,0,0,0,0,0,1,1,0,6,0,0,0,0,0,0,0,0,0,0,0
1026,TreaLa00,0,0,0,0,0,0,0,2,2,0,22,0,0,0,0,0,0,0,0,0,0,0
1027,TremTo00,0,0,0,0,0,0,0,2,2,0,16,0,0,0,0,0,0,0,1,1,0,3
1028,TrubMi00,26,16,187,1,0,3,11,1,1,0,0,20,15,177,1,1,6,9,1,0,0,0
1029,TurbRo00,0,0,0,0,0,0,0,1,1,0,0,0,0,0,0,0,0,0,0,0,0,0
1030,TurnCo00,0,0,0,0,0,0,0,1,0,0,2,0,0,0,0,0,0,0,0,0,0,0
1031,TurnDJ00,0,0,0,0,0,1,5,1,1,0,0,0,0,0,0,0,1,6,0,0,0,0
1032,TurnDe01,0,0,0,0,0,4,6,1,1,0,0,0,0,0,0,0,4,7,0,0,0,0
1033,TurnMa00,0,0,0,0,0,0,0,1,1,0,11,0,0,0,0,0,0,0,0,0,0,0
1034,TurnZe00,0,0,0,0,0,0,0,2,1,0,25,0,0,0,0,0,0,0,1,1,0,30
1035,TurpKa00,0,0,0,0,0,0,1,0,1,0,0,0,0,0,0,0,0,0,0,0,0,0
1036,UrsuJo00,0,0,0,0,0,0,0,1,0,0,3,0,0,0,0,0,0,0,1,0,0,0
1037,UzomC.00,0,0,0,0,0,0,0,3,3,0,29,0,0,0,0,0,0,0,5,3,0,28
1038,ValdMa00,0,0,0,0,0,0,0,5,3,0,45,0,0,0,0,0,0,0,6,3,0,31
1039,VandJa00,0,0,0,0,0,0,0,1,1,0,0,0,0,0,0,0,0,0,0,0,0,0
1040,VannNi00,0,0,0,0,0,0,0,2,1,0,8,0,0,0,0,0,0,0,2,2,0,23
1041,VaugKe00,0,0,0,0,0,5,20,1,1,0,3,0,0,0,0,0,8,24,2,1,0,13
1042,VeasJo00,0,0,0,0,0,0,0,1,1,0,0,0,0,0,0,0,0,0,0,0,0,0
1043,VeaxVi00,0,0,0,0,0,0,0,2,1,1,0,0,0,0,0,0,0,0,1,1,1,1
1044,VictBi01,0,0,0,0,0,0,0,1,1,0,0,0,0,0,0,0,0,0,0,0,0,0
1045,VirgJa00,0,0,0,0,0,0,0,1,1,0,8,0,0,0,0,0,0,0,0,0,0,0
1046,VitaDa00,0,0,0,0,0,0,0,1,1,0,4,0,0,0,0,0,0,0,0,0,0,0
1047,WaddJa00,0,0,0,0,0,0,1,8,5,0,61,0,0,0,0,0,1,9,6,4,0,43
1048,WadmCo00,0,0,0,0,0,0,0,1,1,0,0,0,0,0,0,0,0,0,0,0,0,0
1049,WalfCl00,0,0,0,0,0,0,1,2,1,0,6,0,0,0,0,0,0,0,2,1,0,19
1050,WalkHu00,0,0,0,0,0,0,0,4,3,0,29,0,0,0,0,0,0,0,0,0,0,0
1051,WalkKe00,0,0,0,0,0,15,72,2,2,0,12,0,0,0,0,1,25,115,2,1,0,10
1052,WalkMi00,0,0,0,0,0,0,0,2,1,0,4,0,0,0,0,0,0,0,1,1,0,13
1053,WalkPh00,15,8,98,0,0,1,3,0,1,0,0,16,10,116,0,0,3,13,0,0,0,0
1054,WallDa01,0,0,0,0,0,0,0,8,5,0,59,0,0,0,0,0,0,0,5,3,0,41
1055,WallTy00,0,0,0,0,0,0,0,1,1,0,3,0,0,0,0,0,0,0,1,1,0,17
1056,WaltAu00,0,0,0,0,0,4,18,1,1,0,6,0,0,0,0,0,14,49,0,0,0,0
1057,WaltMa00,0,0,0,0,0,8,30,2,3,0,13,0,0,0,0,0,12,31,4,3,0,13
1058,WardGr02,0,0,0,0,0,0,0,3,3,0,26,0,0,0,0,0,0,0,0,0,0,0
1059,WardJo00,0,0,0,0,0,2,5,1,1,0,4,0,0,0,0,0,1,0,1,1,0,5
1060,WareSp00,0,0,0,0,0,6,18,2,1,0,6,0,0,0,0,0,5,15,2,3,0,22
1061,WarrJa01,0,0,0,0,0,5,24,2,2,0,14,0,0,0,0,0,6,32,4,2,0,10
1062,WarrKa00,0,0,0,0,0,0,0,1,1,0,3,0,0,0,0,0,0,0,0,0,0,0
1063,WashDe00,0,0,0,0,0,7,24,2,2,0,17,0,0,0,0,0,13,35,3,3,0,20
1064,WashDw00,0,0,0,0,0,2,6,1,0,0,1,0,0,0,0,0,0,0,0,0,0,0
1065,WashJa00,0,0,0,0,0,0,0,4,2,0,37,0,0,0,0,0,0,0,0,0,0,0
1066,WashMo00,0,0,0,0,0,0,2,1,1,0,0,0,0,0,0,0,0,0,0,0,0,0
1067,WashSc00,0,0,0,0,0,0,0,1,1,0,0,0,0,0,0,0,0,0,1,0,0,0
1068,WatkQu00,0,0,0,0,0,0,0,4,2,0,32,0,0,0,0,0,0,0,3,2,0,21
1069,WatkSa00,0,0,0,0,0,0,0,4,3,0,42,0,0,0,0,0,0,0,4,3,0,53
1070,WatsBe00,0,0,0,0,0,0,0,3,1,0,16,0,0,0,0,0,0,0,4,3,0,42
1071,WatsCh00,0,0,0,0,0,1,6,5,3,0,62,0,0,0,0,0,2,11,8,4,0,104
1072,WatsDe00,34,22,284,2,0,7,30,1,1,0,0,33,18,175,2,0,5,40,0,0,0,0
1073,WatsJu01,0,0,0,0,0,0,0,2,1,0,10,0,0,0,0,0,0,0,2,1,0,48
1074,WattDe00,0,0,0,0,0,0,0,1,0,0,1,0,0,0,0,1,1,1,0,0,0,0
1075,WebbDa00,19,11,85,0,0,4,20,1,1,0,0,38,24,180,1,1,6,38,0,0,0,0
1076,WebbRa02,0,0,0,0,0,0,0,1,1,0,0,0,0,0,0,0,0,0,0,0,0,0
1077,WebsNs00,0,0,0,0,0,0,0,1,1,0,1,0,0,0,0,0,0,0,2,2,0,19
1078,WellDa00,0,0,0,0,0,0,0,1,1,0,0,0,0,0,0,0,0,0,0,0,0,0
1079,WentCa00,34,21,206,2,0,4,16,1,1,0,0,29,15,153,0,1,3,8,0,0,0,0
1080,WescTr00,0,0,0,0,0,0,0,0,0,0,2,0,0,0,0,0,0,0,0,0,0,0
1081,WeslAn01,0,0,0,0,0,0,0,2,1,0,11,0,0,0,0,0,0,0,2,1,0,0
1082,WestDe00,0,0,0,0,0,0,1,3,3,0,28,0,0,0,0,0,0,0,0,0,0,0
1083,WestNi00,0,0,0,0,0,0,0,3,2,0,21,0,0,0,0,0,0,0,0,0,0,0
1084,WhitCo05,0,0,0,0,0,0,0,1,1,0,2,0,0,0,0,0,0,0,1,1,0,3
1085,WhitDe01,0,0,0,0,0,0,0,2,1,0,6,0,0,0,0,0,0,0,3,2,0,35
1086,WhitJa02,0,1,1,0,0,3,13,5,4,0,42,0,0,0,0,0,1,6,1,0,0,0
1087,WhitKe00,0,0,0,0,0,0,0,1,1,0,7,0,0,0,0,0,0,0,0,0,0,0
1088,WhitMi01,39,26,256,1,0,2,1,1,1,0,0,41,23,169,0,0,0,0,0,0,0,0
1089,WhitRa01,0,0,0,0,0,8,30,3,3,0,16,0,0,0,0,0,4,14,0,0,0,0
1090,WhitZa01,0,0,0,0,0,2,6,1,1,0,0,0,0,0,0,0,1,4,0,0,0,0
1091,WhytKe00,0,0,0,0,0,4,21,1,0,0,2,0,0,0,0,0,3,2,0,0,0,0
1092,WilcMi01,0,0,0,0,0,0,0,1,1,0,3,0,0,0,0,0,0,0,0,0,0,0
1093,WilkCh00,0,0,0,0,0,0,0,2,1,1,0,0,0,0,0,0,0,0,1,1,1,0
1094,WilkJo01,0,0,0,0,0,5,23,1,1,0,5,0,0,0,0,0,6,21,2,2,0,19
1095,WilkKr00,0,0,0,0,0,0,0,3,1,0,7,0,0,0,0,0,0,0,8,5,2,53
1096,WillAn03,0,0,0,0,1,6,33,1,1,0,10,0,0,0,0,0,0,0,0,0,0,0
1097,WillAv02,0,0,0,0,0,2,7,1,1,0,3,0,0,0,0,0,4,15,0,0,0,0
1098,WillCh05,0,0,0,0,0,0,0,1,1,0,0,0,0,0,0,0,0,0,1,0,0,0
1099,WillDa05,0,0,0,0,0,7,30,2,2,0,18,0,0,0,0,0,2,3,0,0,0,0
1100,WillDa10,0,0,0,0,0,5,21,2,2,0,16,0,0,0,0,0,5,9,2,2,0,8
1101,WillDa11,0,0,0,0,0,0,0,3,1,0,5,0,0,0,0,0,0,0,1,0,0,0
1102,WillDe06,0,0,0,0,0,0,0,1,1,0,0,0,0,0,0,0,0,0,0,0,0,0
1103,WillDe07,0,0,0,0,0,2,5,1,1,0,0,0,0,0,0,0,0,0,0,0,0,0
1104,WillDu01,0,0,0,0,0,0,0,4,3,0,60,0,0,0,0,0,0,0,0,0,0,0
1105,WillJa06,0,0,0,0,0,10,46,2,2,0,12,0,0,0,0,1,16,68,1,0,0,0
1106,WillJa10,0,0,0,0,0,12,55,4,3,0,21,0,0,0,0,0,10,32,1,1,0,0
1107,WillJa11,0,0,0,0,0,0,6,1,1,0,7,0,0,0,0,0,0,0,1,0,0,0
1108,WillJo07,0,0,0,0,0,5,24,1,1,0,6,0,0,0,0,0,14,32,2,1,0,11
1109,WillKy02,0,0,0,0,0,4,18,1,1,0,10,0,0,0,0,0,2,6,0,0,0,0
1110,WillLu00,0,0,0,0,0,0,0,1,1,0,5,0,0,0,0,0,0,0,1,1,0,17
1111,WillMa04,0,0,0,0,0,0,0,1,1,0,13,0,0,0,0,0,0,0,0,0,0,0
1112,WillMa12,9,5,49,0,0,4,18,1,1,0,0,24,13,119,0,0,7,43,1,0,0,0
1113,WillMi07,0,0,0,0,0,0,0,7,4,0,62,0,0,0,0,0,0,0,6,3,0,39
1114,WillPr01,0,0,0,0,0,0,0,5,2,0,34,0,0,0,0,0,0,0,0,0,0,0
1115,WillSe00,0,0,0,0,0,0,0,1,1,0,16,0,0,0,0,0,0,0,0,0,0,0
1116,WillSh02,0,0,0,0,0,1,24,1,1,0,0,0,0,0,0,0,1,7,0,0,0,0
1117,WillTr06,0,0,0,0,0,3,15,1,1,0,3,0,0,0,0,0,0,0,0,0,0,0
1118,WillTr21,0,0,0,0,0,0,0,1,1,0,0,0,0,0,0,0,0,0,1,0,0,0
1119,WillTy00,0,0,0,0,0,0,0,5,3,0,38,0,0,0,0,0,0,0,2,2,0,19
1120,WillTy01,0,0,0,0,0,4,21,1,1,0,9,0,0,0,0,0,0,0,1,1,0,7
1121,WilsAl02,0,1,1,0,0,0,2,3,3,0,21,0,0,0,0,0,0,0,0,0,0,0
1122,WilsCa00,0,0,0,0,0,0,0,1,1,0,0,0,0,0,0,0,0,0,0,0,0,0
1123,WilsCe01,0,1,2,0,0,0,0,3,2,0,25,0,0,0,0,0,0,0,0,0,0,0
1124,WilsGa00,0,0,0,0,0,0,0,8,5,0,67,0,0,0,0,0,0,0,12,6,0,56
1125,WilsJe00,0,0,0,0,0,0,0,2,1,0,7,0,0,0,0,0,0,0,3,1,0,10
1126,WilsJe01,0,0,0,0,0,9,42,1,2,0,8,0,0,0,0,0,16,67,2,1,0,3
1127,WilsRu00,31,22,205,2,0,4,24,1,1,0,0,25,15,175,2,0,8,17,0,0,0,0
1128,WilsZa00,27,16,187,1,0,3,13,0,1,0,0,18,9,96,0,0,1,1,0,0,0,0
1129,WimsJa00,0,0,0,0,0,0,0,2,1,0,6,0,0,0,0,0,0,0,0,0,0,0
1130,WinfJu00,0,0,0,0,0,0,0,1,1,0,4,0,0,0,0,0,0,0,1,0,0,0
1131,WingAn01,0,0,0,0,0,1,4,1,1,0,0,0,0,0,0,0,1,4,0,0,0,0
1132,WinsEa00,0,0,0,0,0,0,0,1,0,0,2,0,0,0,0,0,0,0,1,0,0,0
1133,WinsJa00,30,19,259,2,0,4,15,1,1,0,0,40,24,279,2,0,2,5,0,0,0,0
1134,WittJa00,0,0,0,0,0,0,0,3,3,0,24,0,0,0,0,0,0,0,0,0,0,0
1135,WoerCh00,0,0,0,0,0,0,0,1,0,0,2,0,0,0,0,0,0,0,0,0,0,0
1136,WolfEt00,0,0,0,0,0,0,0,2,1,0,1,0,0,0,0,0,0,0,2,1,0,10
1137,WolfJo00,19,10,101,0,0,3,15,1,1,0,0,27,14,144,0,0,5,26,0,0,0,0
1138,WoodJe01,0,0,0,0,0,0,0,3,2,0,27,0,0,0,0,0,0,0,2,1,0,13
1139,WoodLo00,0,1,1,0,0,2,0,1,1,0,0,0,0,0,0,0,3,0,0,0,0,0
1140,WoodMi00,0,0,0,0,0,0,0,2,1,0,4,0,0,0,0,0,0,0,1,1,0,19
1141,WoodRo02,0,0,0,0,0,1,5,7,5,0,45,0,0,0,0,0,0,0,5,4,0,44
1142,WrigBr01,0,0,0,0,0,0,0,2,1,0,17,0,0,0,0,0,0,0,1,0,0,0
1143,WrigIs01,0,0,0,0,0,0,1,3,2,0,12,0,0,0,0,0,0,0,1,0,0,0
1144,WrigJa02,0,0,0,0,0,0,0,4,1,0,15,0,0,0,0,0,0,0,4,2,0,12
1145,WrigRy00,1,1,8,0,0,0,0,1,1,0,0,1,0,0,0,0,0,0,0,0,0,0
1146,YeboKe00,0,0,0,0,0,0,0,1,0,0,2,0,0,0,0,0,0,0,0,0,0,0
1147,YeldDe00,0,0,0,0,0,0,0,1,1,0,3,0,0,0,0,0,0,0,1,1,0,0
1148,YeldT.00,0,0,0,0,0,3,14,2,2,0,16,0,0,0,0,0,3,15,5,4,0,44
1149,YounDa02,0,0,0,0,0,0,0,1,1,0,1,0,0,0,0,0,0,0,2,2,0,26
1150,ZaccOl01,0,0,0,0,0,0,0,3,2,0,28,0,0,0,0,0,0,0,6,4,1,52
1151,ZappBa00,23,15,243,1,0,2,0,1,1,0,0,21,13,157,1,0,2,0,1,0,0,0
1152,ZennZa00,0,0,0,0,0,1,0,2,1,0,6,0,0,0,0,0,1,0,0,0,0,0
1153,ZubeIs00,0,0,0,0,0,1,5,1,1,0,7,0,0,0,0,0,0,0,1,1,0,17
1154,ZylsBr00,0,0,0,0,0,0,0,1,1,0,7,1,0,0,0,0,0,0,4,0,0,0
1155,ZylsSh00,0,0,0,0,0,0,0,1,1,0,4,0,0,0,0,0,0,0,1,0,0,0
