game_id,vis_team,home_team,vis_score,home_score,OT,game_date
201909050chi,GNB,CHI,10,3,False,2019-09-05
201909080car,LAR,CAR,30,27,False,2019-09-08
201909080cle,TEN,CLE,43,13,False,2019-09-08
201909080crd,DET,ARI,27,27,True,2019-09-08
201909080dal,NYG,DAL,17,35,False,2019-09-08
201909080jax,KAN,JAX,40,26,False,2019-09-08
201909080mia,BAL,MIA,59,10,False,2019-09-08
201909080min,ATL,MIN,12,28,False,2019-09-08
201909080nwe,PIT,NWE,3,33,False,2019-09-08
201909080nyj,BUF,NYJ,17,16,False,2019-09-08
201909080phi,WAS,PHI,27,32,False,2019-09-08
201909080sdg,IND,LAC,24,30,True,2019-09-08
201909080sea,CIN,SEA,20,21,False,2019-09-08
201909080tam,SFO,TAM,31,17,False,2019-09-08
201909090nor,HOU,NOR,28,30,False,2019-09-09
201909090rai,DEN,LVR,16,24,False,2019-09-09
201909120car,TAM,CAR,20,14,False,2019-09-12
201909150atl,PHI,ATL,20,24,False,2019-09-15
201909150cin,SFO,CIN,41,17,False,2019-09-15
201909150den,CHI,DEN,16,14,False,2019-09-15
201909150det,LAC,DET,10,13,False,2019-09-15
201909150gnb,MIN,GNB,16,21,False,2019-09-15
201909150htx,JAX,HOU,12,13,False,2019-09-15
201909150mia,NWE,MIA,43,0,False,2019-09-15
201909150nyg,BUF,NYG,28,14,False,2019-09-15
201909150oti,IND,TEN,19,17,False,2019-09-15
201909150pit,SEA,PIT,28,26,False,2019-09-15
201909150rai,KAN,LVR,28,10,False,2019-09-15
201909150ram,NOR,LAR,9,27,False,2019-09-15
201909150rav,ARI,BAL,17,23,False,2019-09-15
201909150was,DAL,WAS,31,21,False,2019-09-15
201909160nyj,CLE,NYJ,23,3,False,2019-09-16
201909190jax,TEN,JAX,7,20,False,2019-09-19
201909220buf,CIN,BUF,17,21,False,2019-09-22
201909220cle,LAR,CLE,20,13,False,2019-09-22
201909220clt,ATL,IND,24,27,False,2019-09-22
201909220crd,CAR,ARI,38,20,False,2019-09-22
201909220dal,MIA,DAL,6,31,False,2019-09-22
201909220gnb,DEN,GNB,16,27,False,2019-09-22
201909220kan,BAL,KAN,28,33,False,2019-09-22
201909220min,LVR,MIN,14,34,False,2019-09-22
201909220nwe,NYJ,NWE,14,30,False,2019-09-22
201909220phi,DET,PHI,27,24,False,2019-09-22
201909220sdg,HOU,LAC,27,20,False,2019-09-22
201909220sea,NOR,SEA,33,27,False,2019-09-22
201909220sfo,PIT,SFO,20,24,False,2019-09-22
201909220tam,NYG,TAM,32,31,False,2019-09-22
201909230was,CHI,WAS,31,15,False,2019-09-23
201909260gnb,PHI,GNB,34,27,False,2019-09-26
201909290atl,TEN,ATL,24,10,False,2019-09-29
201909290buf,NWE,BUF,16,10,False,2019-09-29
201909290chi,MIN,CHI,6,16,False,2019-09-29
201909290clt,LVR,IND,31,24,False,2019-09-29
201909290crd,SEA,ARI,27,10,False,2019-09-29
201909290den,JAX,DEN,26,24,False,2019-09-29
201909290det,KAN,DET,34,30,False,2019-09-29
201909290htx,CAR,HOU,16,10,False,2019-09-29
201909290mia,LAC,MIA,30,10,False,2019-09-29
201909290nor,DAL,NOR,10,12,False,2019-09-29
201909290nyg,WAS,NYG,3,24,False,2019-09-29
201909290ram,TAM,LAR,55,40,False,2019-09-29
201909290rav,CLE,BAL,40,25,False,2019-09-29
201909300pit,CIN,PIT,3,27,False,2019-09-30
201910030sea,LAR,SEA,29,30,False,2019-10-03
201910060car,JAX,CAR,27,34,False,2019-10-06
201910060cin,ARI,CIN,26,23,False,2019-10-06
201910060dal,GNB,DAL,34,24,False,2019-10-06
201910060htx,ATL,HOU,32,53,False,2019-10-06
201910060kan,IND,KAN,19,13,False,2019-10-06
201910060nor,TAM,NOR,24,31,False,2019-10-06
201910060nyg,MIN,NYG,28,10,False,2019-10-06
201910060oti,BUF,TEN,14,7,False,2019-10-06
201910060phi,NYJ,PHI,6,31,False,2019-10-06
201910060pit,BAL,PIT,26,23,True,2019-10-06
201910060rai,CHI,LVR,21,24,False,2019-10-06
201910060sdg,DEN,LAC,20,13,False,2019-10-06
201910060was,NWE,WAS,33,7,False,2019-10-06
201910070sfo,CLE,SFO,3,31,False,2019-10-07
201910100nwe,NYG,NWE,14,35,False,2019-10-10
201910130cle,SEA,CLE,32,28,False,2019-10-13
201910130crd,ATL,ARI,33,34,False,2019-10-13
201910130den,TEN,DEN,0,16,False,2019-10-13
201910130jax,NOR,JAX,13,6,False,2019-10-13
201910130kan,HOU,KAN,31,24,False,2019-10-13
201910130mia,WAS,MIA,17,16,False,2019-10-13
201910130min,PHI,MIN,20,38,False,2019-10-13
201910130nyj,DAL,NYJ,22,24,False,2019-10-13
201910130ram,SFO,LAR,20,7,False,2019-10-13
201910130rav,CIN,BAL,17,23,False,2019-10-13
201910130sdg,PIT,LAC,24,17,False,2019-10-13
201910130tam,CAR,TAM,37,26,False,2019-10-13
201910140gnb,DET,GNB,22,23,False,2019-10-14
201910170den,KAN,DEN,30,6,False,2019-10-17
201910200atl,LAR,ATL,37,10,False,2019-10-20
201910200buf,MIA,BUF,21,31,False,2019-10-20
201910200chi,NOR,CHI,36,25,False,2019-10-20
201910200cin,JAX,CIN,27,17,False,2019-10-20
201910200clt,HOU,IND,23,30,False,2019-10-20
201910200dal,PHI,DAL,10,37,False,2019-10-20
201910200det,MIN,DET,42,30,False,2019-10-20
201910200gnb,LVR,GNB,24,42,False,2019-10-20
201910200nyg,ARI,NYG,27,21,False,2019-10-20
201910200oti,LAC,TEN,20,23,False,2019-10-20
201910200sea,BAL,SEA,30,16,False,2019-10-20
201910200was,SFO,WAS,9,0,False,2019-10-20
201910210nyj,NWE,NYJ,33,0,False,2019-10-21
201910240min,WAS,MIN,9,19,False,2019-10-24
201910270atl,SEA,ATL,27,20,False,2019-10-27
201910270buf,PHI,BUF,31,13,False,2019-10-27
201910270chi,LAC,CHI,17,16,False,2019-10-27
201910270clt,DEN,IND,13,15,False,2019-10-27
201910270det,NYG,DET,26,31,False,2019-10-27
201910270htx,LVR,HOU,24,27,False,2019-10-27
201910270jax,NYJ,JAX,15,29,False,2019-10-27
201910270kan,GNB,KAN,31,24,False,2019-10-27
201910270nor,ARI,NOR,9,31,False,2019-10-27
201910270nwe,CLE,NWE,13,27,False,2019-10-27
201910270oti,TAM,TEN,23,27,False,2019-10-27
201910270ram,CIN,LAR,10,24,False,2019-10-27
201910270sfo,CAR,SFO,13,51,False,2019-10-27
201910280pit,MIA,PIT,14,27,False,2019-10-28
201910310crd,SFO,ARI,28,25,False,2019-10-31
201911030buf,WAS,BUF,9,24,False,2019-11-03
201911030car,TEN,CAR,20,30,False,2019-11-03
201911030den,CLE,DEN,19,24,False,2019-11-03
201911030jax,HOU,JAX,26,3,False,2019-11-03
201911030kan,MIN,KAN,23,26,False,2019-11-03
201911030mia,NYJ,MIA,18,26,False,2019-11-03
201911030phi,CHI,PHI,14,22,False,2019-11-03
201911030pit,IND,PIT,24,26,False,2019-11-03
201911030rai,DET,LVR,24,31,False,2019-11-03
201911030rav,NWE,BAL,20,37,False,2019-11-03
201911030sdg,GNB,LAC,11,26,False,2019-11-03
201911030sea,TAM,SEA,34,40,True,2019-11-03
201911040nyg,DAL,NYG,37,18,False,2019-11-04
201911070rai,LAC,LVR,24,26,False,2019-11-07
201911100chi,DET,CHI,13,20,False,2019-11-10
201911100cin,BAL,CIN,49,13,False,2019-11-10
201911100cle,BUF,CLE,16,19,False,2019-11-10
201911100clt,MIA,IND,16,12,False,2019-11-10
201911100dal,MIN,DAL,28,24,False,2019-11-10
201911100gnb,CAR,GNB,16,24,False,2019-11-10
201911100nor,ATL,NOR,26,9,False,2019-11-10
201911100nyj,NYG,NYJ,27,34,False,2019-11-10
201911100oti,KAN,TEN,32,35,False,2019-11-10
201911100pit,LAR,PIT,12,17,False,2019-11-10
201911100tam,ARI,TAM,27,30,False,2019-11-10
201911110sfo,SEA,SFO,27,24,True,2019-11-11
201911140cle,PIT,CLE,7,21,False,2019-11-14
201911170car,ATL,CAR,29,3,False,2019-11-17
201911170clt,JAX,IND,13,33,False,2019-11-17
201911170det,DAL,DET,35,27,False,2019-11-17
201911170mia,BUF,MIA,37,20,False,2019-11-17
201911170min,DEN,MIN,23,27,False,2019-11-17
201911170phi,NWE,PHI,17,10,False,2019-11-17
201911170rai,CIN,LVR,10,17,False,2019-11-17
201911170ram,CHI,LAR,7,17,False,2019-11-17
201911170rav,HOU,BAL,7,41,False,2019-11-17
201911170sfo,ARI,SFO,26,36,False,2019-11-17
201911170tam,NOR,TAM,34,17,False,2019-11-17
201911170was,NYJ,WAS,34,17,False,2019-11-17
201911180sdg,KAN,LAC,24,17,False,2019-11-18
201911210htx,IND,HOU,17,20,False,2019-11-21
201911240atl,TAM,ATL,35,22,False,2019-11-24
201911240buf,DEN,BUF,3,20,False,2019-11-24
201911240chi,NYG,CHI,14,19,False,2019-11-24
201911240cin,PIT,CIN,16,10,False,2019-11-24
201911240cle,MIA,CLE,24,41,False,2019-11-24
201911240nor,CAR,NOR,31,34,False,2019-11-24
201911240nwe,DAL,NWE,9,13,False,2019-11-24
201911240nyj,LVR,NYJ,3,34,False,2019-11-24
201911240oti,JAX,TEN,20,42,False,2019-11-24
201911240phi,SEA,PHI,17,9,False,2019-11-24
201911240sfo,GNB,SFO,8,37,False,2019-11-24
201911240was,DET,WAS,16,19,False,2019-11-24
201911250ram,BAL,LAR,45,6,False,2019-11-25
201911280atl,NOR,ATL,26,18,False,2019-11-28
201911280dal,BUF,DAL,26,15,False,2019-11-28
201911280det,CHI,DET,24,20,False,2019-11-28
201912010car,WAS,CAR,29,21,False,2019-12-01
201912010cin,NYJ,CIN,6,22,False,2019-12-01
201912010clt,TEN,IND,31,17,False,2019-12-01
201912010crd,LAR,ARI,34,7,False,2019-12-01
201912010den,LAC,DEN,20,23,False,2019-12-01
201912010htx,NWE,HOU,22,28,False,2019-12-01
201912010jax,TAM,JAX,28,11,False,2019-12-01
201912010kan,LVR,KAN,9,40,False,2019-12-01
201912010mia,PHI,MIA,31,37,False,2019-12-01
201912010nyg,GNB,NYG,31,13,False,2019-12-01
201912010pit,CLE,PIT,13,20,False,2019-12-01
201912010rav,SFO,BAL,17,20,False,2019-12-01
201912020sea,MIN,SEA,30,37,False,2019-12-02
201912050chi,DAL,CHI,24,31,False,2019-12-05
201912080atl,CAR,ATL,20,40,False,2019-12-08
201912080buf,BAL,BUF,24,17,False,2019-12-08
201912080cle,CIN,CLE,19,27,False,2019-12-08
201912080crd,PIT,ARI,23,17,False,2019-12-08
201912080gnb,WAS,GNB,15,20,False,2019-12-08
201912080htx,DEN,HOU,38,24,False,2019-12-08
201912080jax,LAC,JAX,45,10,False,2019-12-08
201912080min,DET,MIN,7,20,False,2019-12-08
201912080nor,SFO,NOR,48,46,False,2019-12-08
201912080nwe,KAN,NWE,23,16,False,2019-12-08
201912080nyj,MIA,NYJ,21,22,False,2019-12-08
201912080rai,TEN,LVR,42,21,False,2019-12-08
201912080ram,SEA,LAR,12,28,False,2019-12-08
201912080tam,IND,TAM,35,38,False,2019-12-08
201912090phi,NYG,PHI,17,23,True,2019-12-09
201912120rav,NYJ,BAL,21,42,False,2019-12-12
201912150car,SEA,CAR,30,24,False,2019-12-15
201912150cin,NWE,CIN,34,13,False,2019-12-15
201912150crd,CLE,ARI,24,38,False,2019-12-15
201912150dal,LAR,DAL,21,44,False,2019-12-15
201912150det,TAM,DET,38,17,False,2019-12-15
201912150gnb,CHI,GNB,13,21,False,2019-12-15
201912150kan,DEN,KAN,3,23,False,2019-12-15
201912150nyg,MIA,NYG,20,36,False,2019-12-15
201912150oti,HOU,TEN,24,21,False,2019-12-15
201912150pit,BUF,PIT,17,10,False,2019-12-15
201912150rai,JAX,LVR,20,16,False,2019-12-15
201912150sdg,MIN,LAC,39,10,False,2019-12-15
201912150sfo,ATL,SFO,29,22,False,2019-12-15
201912150was,PHI,WAS,37,27,False,2019-12-15
201912160nor,IND,NOR,7,34,False,2019-12-16
201912210nwe,BUF,NWE,17,24,False,2019-12-21
201912210sfo,LAR,SFO,31,34,False,2019-12-21
201912210tam,HOU,TAM,23,20,False,2019-12-21
201912220atl,JAX,ATL,12,24,False,2019-12-22
201912220chi,KAN,CHI,26,3,False,2019-12-22
201912220cle,BAL,CLE,31,15,False,2019-12-22
201912220clt,CAR,IND,6,38,False,2019-12-22
201912220den,DET,DEN,17,27,False,2019-12-22
201912220mia,CIN,MIA,35,38,True,2019-12-22
201912220nyj,PIT,NYJ,10,16,False,2019-12-22
201912220oti,NOR,TEN,38,28,False,2019-12-22
201912220phi,DAL,PHI,9,17,False,2019-12-22
201912220sdg,LVR,LAC,24,17,False,2019-12-22
201912220sea,ARI,SEA,27,13,False,2019-12-22
201912220was,NYG,WAS,41,35,True,2019-12-22
201912230min,GNB,MIN,23,10,False,2019-12-23
201912290buf,NYJ,BUF,13,6,False,2019-12-29
201912290car,NOR,CAR,42,10,False,2019-12-29
201912290cin,CLE,CIN,23,33,False,2019-12-29
201912290dal,WAS,DAL,16,47,False,2019-12-29
201912290den,LVR,DEN,15,16,False,2019-12-29
201912290det,GNB,DET,23,20,False,2019-12-29
201912290htx,TEN,HOU,35,14,False,2019-12-29
201912290jax,IND,JAX,20,38,False,2019-12-29
201912290kan,LAC,KAN,21,31,False,2019-12-29
201912290min,CHI,MIN,21,19,False,2019-12-29
201912290nwe,MIA,NWE,27,24,False,2019-12-29
201912290nyg,PHI,NYG,34,17,False,2019-12-29
201912290ram,ARI,LAR,24,31,False,2019-12-29
201912290rav,PIT,BAL,10,28,False,2019-12-29
201912290sea,SFO,SEA,26,21,False,2019-12-29
201912290tam,ATL,TAM,28,22,True,2019-12-29
202001040htx,BUF,HOU,19,22,True,2020-01-04
202001040nwe,TEN,NWE,20,13,False,2020-01-04
202001050nor,MIN,NOR,26,20,True,2020-01-05
202001050phi,SEA,PHI,17,9,False,2020-01-05
202001110rav,TEN,BAL,28,12,False,2020-01-11
202001110sfo,MIN,SFO,10,27,False,2020-01-11
202001120gnb,SEA,GNB,23,28,False,2020-01-12
202001120kan,HOU,KAN,31,51,False,2020-01-12
202001190kan,TEN,KAN,24,35,False,2020-01-19
202001190sfo,GNB,SFO,20,37,False,2020-01-19
202009100kan,HOU,KAN,20,34,False,2020-09-10
202009130atl,SEA,ATL,38,25,False,2020-09-13
202009130buf,NYJ,BUF,17,27,False,2020-09-13
202009130car,LVR,CAR,34,30,False,2020-09-13
202009130cin,LAC,CIN,16,13,False,2020-09-13
202009130det,CHI,DET,27,23,False,2020-09-13
202009130jax,IND,JAX,20,27,False,2020-09-13
202009130min,GNB,MIN,43,34,False,2020-09-13
202009130nor,TAM,NOR,23,34,False,2020-09-13
202009130nwe,MIA,NWE,11,21,False,2020-09-13
202009130ram,DAL,LAR,17,20,False,2020-09-13
202009130rav,CLE,BAL,6,38,False,2020-09-13
202009130sfo,ARI,SFO,24,20,False,2020-09-13
202009130was,PHI,WAS,17,27,False,2020-09-13
202009140den,TEN,DEN,16,14,False,2020-09-14
202009140nyg,PIT,NYG,26,16,False,2020-09-14
202009170cle,CIN,CLE,30,35,False,2020-09-17
202009200chi,NYG,CHI,13,17,False,2020-09-20
202009200clt,MIN,IND,11,28,False,2020-09-20
202009200crd,WAS,ARI,15,30,False,2020-09-20
202009200dal,ATL,DAL,39,40,False,2020-09-20
202009200gnb,DET,GNB,21,42,False,2020-09-20
202009200htx,BAL,HOU,33,16,False,2020-09-20
202009200mia,BUF,MIA,31,28,False,2020-09-20
202009200nyj,SFO,NYJ,31,13,False,2020-09-20
202009200oti,JAX,TEN,30,33,False,2020-09-20
202009200phi,LAR,PHI,37,19,False,2020-09-20
202009200pit,DEN,PIT,21,26,False,2020-09-20
202009200sdg,KAN,LAC,23,20,True,2020-09-20
202009200sea,NWE,SEA,30,35,False,2020-09-20
202009200tam,CAR,TAM,17,31,False,2020-09-20
202009210rai,NOR,LVR,24,34,False,2020-09-21
202009240jax,MIA,JAX,31,13,False,2020-09-24
202009270atl,CHI,ATL,30,26,False,2020-09-27
202009270buf,LAR,BUF,32,35,False,2020-09-27
202009270cle,WAS,CLE,20,34,False,2020-09-27
202009270clt,NYJ,IND,7,36,False,2020-09-27
202009270crd,DET,ARI,26,23,False,2020-09-27
202009270den,TAM,DEN,28,10,False,2020-09-27
202009270min,TEN,MIN,31,30,False,2020-09-27
202009270nor,GNB,NOR,37,30,False,2020-09-27
202009270nwe,LVR,NWE,20,36,False,2020-09-27
202009270nyg,SFO,NYG,36,9,False,2020-09-27
202009270phi,CIN,PHI,23,23,True,2020-09-27
202009270pit,HOU,PIT,21,28,False,2020-09-27
202009270sdg,CAR,LAC,21,16,False,2020-09-27
202009270sea,DAL,SEA,31,38,False,2020-09-27
202009280rav,KAN,BAL,34,20,False,2020-09-28
202010010nyj,DEN,NYJ,37,28,False,2020-10-01
202010040car,ARI,CAR,21,31,False,2020-10-04
202010040chi,IND,CHI,19,11,False,2020-10-04
202010040cin,JAX,CIN,25,33,False,2020-10-04
202010040dal,CLE,DAL,49,38,False,2020-10-04
202010040det,NOR,DET,35,29,False,2020-10-04
202010040htx,MIN,HOU,31,23,False,2020-10-04
202010040mia,SEA,MIA,31,23,False,2020-10-04
202010040rai,BUF,LVR,30,23,False,2020-10-04
202010040ram,NYG,LAR,9,17,False,2020-10-04
202010040sfo,PHI,SFO,25,20,False,2020-10-04
202010040tam,LAC,TAM,31,38,False,2020-10-04
202010040was,BAL,WAS,31,17,False,2020-10-04
202010050gnb,ATL,GNB,16,30,False,2020-10-05
202010050kan,NWE,KAN,10,26,False,2020-10-05
202010080chi,TAM,CHI,19,20,False,2020-10-08
202010110atl,CAR,ATL,23,16,False,2020-10-11
202010110cle,IND,CLE,23,32,False,2020-10-11
202010110dal,NYG,DAL,34,37,False,2020-10-11
202010110htx,JAX,HOU,14,30,False,2020-10-11
202010110kan,LVR,KAN,40,32,False,2020-10-11
202010110nyj,ARI,NYJ,30,10,False,2020-10-11
202010110pit,PHI,PIT,29,38,False,2020-10-11
202010110rav,CIN,BAL,3,27,False,2020-10-11
202010110sea,MIN,SEA,26,27,False,2020-10-11
202010110sfo,MIA,SFO,43,17,False,2020-10-11
202010110was,LAR,WAS,30,10,False,2020-10-11
202010120nor,LAC,NOR,27,30,True,2020-10-12
202010130oti,BUF,TEN,16,42,False,2020-10-13
202010180car,CHI,CAR,23,16,False,2020-10-18
202010180clt,CIN,IND,27,31,False,2020-10-18
202010180jax,DET,JAX,34,16,False,2020-10-18
202010180mia,NYJ,MIA,0,24,False,2020-10-18
202010180min,ATL,MIN,40,23,False,2020-10-18
202010180nwe,DEN,NWE,18,12,False,2020-10-18
202010180nyg,WAS,NYG,19,20,False,2020-10-18
202010180oti,HOU,TEN,36,42,True,2020-10-18
202010180phi,BAL,PHI,30,28,False,2020-10-18
202010180pit,CLE,PIT,7,38,False,2020-10-18
202010180sfo,LAR,SFO,16,24,False,2020-10-18
202010180tam,GNB,TAM,10,38,False,2020-10-18
202010190buf,KAN,BUF,26,17,False,2020-10-19
202010190dal,ARI,DAL,38,10,False,2020-10-19
202010220phi,NYG,PHI,21,22,False,2020-10-22
202010250atl,DET,ATL,23,22,False,2020-10-25
202010250cin,CLE,CIN,37,34,False,2020-10-25
202010250crd,SEA,ARI,34,37,True,2020-10-25
202010250den,KAN,DEN,43,16,False,2020-10-25
202010250htx,GNB,HOU,35,20,False,2020-10-25
202010250nor,CAR,NOR,24,27,False,2020-10-25
202010250nwe,SFO,NWE,33,6,False,2020-10-25
202010250nyj,BUF,NYJ,18,10,False,2020-10-25
202010250oti,PIT,TEN,27,24,False,2020-10-25
202010250rai,TAM,LVR,45,20,False,2020-10-25
202010250sdg,JAX,LAC,29,39,False,2020-10-25
202010250was,DAL,WAS,3,25,False,2020-10-25
202010260ram,CHI,LAR,10,24,False,2020-10-26
202010290car,ATL,CAR,25,17,False,2020-10-29
202011010buf,NWE,BUF,21,24,False,2020-11-01
202011010chi,NOR,CHI,26,23,True,2020-11-01
202011010cin,TEN,CIN,20,31,False,2020-11-01
202011010cle,LVR,CLE,16,6,False,2020-11-01
202011010den,LAC,DEN,30,31,False,2020-11-01
202011010det,IND,DET,41,21,False,2020-11-01
202011010gnb,MIN,GNB,28,22,False,2020-11-01
202011010kan,NYJ,KAN,9,35,False,2020-11-01
202011010mia,LAR,MIA,17,28,False,2020-11-01
202011010phi,DAL,PHI,9,23,False,2020-11-01
202011010rav,PIT,BAL,28,24,False,2020-11-01
202011010sea,SFO,SEA,27,37,False,2020-11-01
202011020nyg,TAM,NYG,25,23,False,2020-11-02
202011050sfo,GNB,SFO,34,17,False,2020-11-05
202011080atl,DEN,ATL,27,34,False,2020-11-08
202011080buf,SEA,BUF,34,44,False,2020-11-08
202011080clt,BAL,IND,24,10,False,2020-11-08
202011080crd,MIA,ARI,34,31,False,2020-11-08
202011080dal,PIT,DAL,24,19,False,2020-11-08
202011080jax,HOU,JAX,27,25,False,2020-11-08
202011080kan,CAR,KAN,31,33,False,2020-11-08
202011080min,DET,MIN,20,34,False,2020-11-08
202011080oti,CHI,TEN,17,24,False,2020-11-08
202011080sdg,LVR,LAC,31,26,False,2020-11-08
202011080tam,NOR,TAM,38,3,False,2020-11-08
202011080was,NYG,WAS,23,20,False,2020-11-08
202011090nyj,NWE,NYJ,30,27,False,2020-11-09
202011120oti,IND,TEN,34,17,False,2020-11-12
202011150car,TAM,CAR,46,23,False,2020-11-15
202011150cle,HOU,CLE,7,10,False,2020-11-15
202011150crd,BUF,ARI,30,32,False,2020-11-15
202011150det,WAS,DET,27,30,False,2020-11-15
202011150gnb,JAX,GNB,20,24,False,2020-11-15
202011150mia,LAC,MIA,21,29,False,2020-11-15
202011150nor,SFO,NOR,13,27,False,2020-11-15
202011150nwe,BAL,NWE,17,23,False,2020-11-15
202011150nyg,PHI,NYG,17,27,False,2020-11-15
202011150pit,CIN,PIT,10,36,False,2020-11-15
202011150rai,DEN,LVR,12,37,False,2020-11-15
202011150ram,SEA,LAR,16,23,False,2020-11-15
202011160chi,MIN,CHI,19,13,False,2020-11-16
202011190sea,ARI,SEA,21,28,False,2020-11-19
202011220car,DET,CAR,0,20,False,2020-11-22
202011220cle,PHI,CLE,17,22,False,2020-11-22
202011220clt,GNB,IND,31,34,True,2020-11-22
202011220den,MIA,DEN,13,20,False,2020-11-22
202011220htx,NWE,HOU,20,27,False,2020-11-22
202011220jax,PIT,JAX,27,3,False,2020-11-22
202011220min,DAL,MIN,31,28,False,2020-11-22
202011220nor,ATL,NOR,9,24,False,2020-11-22
202011220rai,KAN,LVR,35,31,False,2020-11-22
202011220rav,TEN,BAL,30,24,True,2020-11-22
202011220sdg,NYJ,LAC,28,34,False,2020-11-22
202011220was,CIN,WAS,9,20,False,2020-11-22
202011230tam,LAR,TAM,27,24,False,2020-11-23
202011260dal,WAS,DAL,41,16,False,2020-11-26
202011260det,HOU,DET,41,25,False,2020-11-26
202011290atl,LVR,ATL,6,43,False,2020-11-29
202011290buf,LAC,BUF,17,27,False,2020-11-29
202011290cin,NYG,CIN,19,17,False,2020-11-29
202011290clt,TEN,IND,45,26,False,2020-11-29
202011290den,NOR,DEN,31,3,False,2020-11-29
202011290gnb,CHI,GNB,25,41,False,2020-11-29
202011290jax,CLE,JAX,27,25,False,2020-11-29
202011290min,CAR,MIN,27,28,False,2020-11-29
202011290nwe,ARI,NWE,17,20,False,2020-11-29
202011290nyj,MIA,NYJ,20,3,False,2020-11-29
202011290ram,SFO,LAR,23,20,False,2020-11-29
202011290tam,KAN,TAM,27,24,False,2020-11-29
202011300phi,SEA,PHI,23,17,False,2020-11-30
202012020pit,BAL,PIT,14,19,False,2020-12-02
202012060atl,NOR,ATL,21,16,False,2020-12-06
202012060chi,DET,CHI,34,30,False,2020-12-06
202012060crd,LAR,ARI,38,28,False,2020-12-06
202012060gnb,PHI,GNB,16,30,False,2020-12-06
202012060htx,IND,HOU,26,20,False,2020-12-06
202012060kan,DEN,KAN,16,22,False,2020-12-06
202012060mia,CIN,MIA,7,19,False,2020-12-06
202012060min,JAX,MIN,24,27,True,2020-12-06
202012060nyj,LVR,NYJ,31,28,False,2020-12-06
202012060oti,CLE,TEN,41,35,False,2020-12-06
202012060sdg,NWE,LAC,45,0,False,2020-12-06
202012060sea,NYG,SEA,17,12,False,2020-12-06
202012070pit,WAS,PIT,23,17,False,2020-12-07
202012070sfo,BUF,SFO,34,24,False,2020-12-07
202012080rav,DAL,BAL,17,34,False,2020-12-08
202012100ram,NWE,LAR,3,24,False,2020-12-10
202012130buf,PIT,BUF,15,26,False,2020-12-13
202012130car,DEN,CAR,32,27,False,2020-12-13
202012130chi,HOU,CHI,7,36,False,2020-12-13
202012130cin,DAL,CIN,30,7,False,2020-12-13
202012130det,GNB,DET,31,24,False,2020-12-13
202012130jax,TEN,JAX,31,10,False,2020-12-13
202012130mia,KAN,MIA,33,27,False,2020-12-13
202012130nyg,ARI,NYG,26,7,False,2020-12-13
202012130phi,NOR,PHI,21,24,False,2020-12-13
202012130rai,IND,LVR,44,27,False,2020-12-13
202012130sdg,ATL,LAC,17,20,False,2020-12-13
202012130sea,NYJ,SEA,3,40,False,2020-12-13
202012130sfo,WAS,SFO,23,15,False,2020-12-13
202012130tam,MIN,TAM,14,26,False,2020-12-13
202012140cle,BAL,CLE,47,42,False,2020-12-14
202012170rai,LAC,LVR,30,27,True,2020-12-17
202012190den,BUF,DEN,48,19,False,2020-12-19
202012190gnb,CAR,GNB,16,24,False,2020-12-19
202012200atl,TAM,ATL,31,27,False,2020-12-20
202012200clt,HOU,IND,20,27,False,2020-12-20
202012200crd,PHI,ARI,26,33,False,2020-12-20
202012200dal,SFO,DAL,33,41,False,2020-12-20
202012200mia,NWE,MIA,12,22,False,2020-12-20
202012200min,CHI,MIN,33,27,False,2020-12-20
202012200nor,KAN,NOR,32,29,False,2020-12-20
202012200nyg,CLE,NYG,20,6,False,2020-12-20
202012200oti,DET,TEN,25,46,False,2020-12-20
202012200ram,NYJ,LAR,23,20,False,2020-12-20
202012200rav,JAX,BAL,14,40,False,2020-12-20
202012200was,SEA,WAS,20,15,False,2020-12-20
202012210cin,PIT,CIN,17,27,False,2020-12-21
202012250nor,MIN,NOR,33,52,False,2020-12-25
202012260crd,SFO,ARI,20,12,False,2020-12-26
202012260det,TAM,DET,47,7,False,2020-12-26
202012260rai,MIA,LVR,26,25,False,2020-12-26
202012270dal,PHI,DAL,17,37,False,2020-12-27
202012270gnb,TEN,GNB,14,40,False,2020-12-27
202012270htx,CIN,HOU,37,31,False,2020-12-27
202012270jax,CHI,JAX,41,17,False,2020-12-27
202012270kan,ATL,KAN,14,17,False,2020-12-27
202012270nyj,CLE,NYJ,16,23,False,2020-12-27
202012270pit,IND,PIT,24,28,False,2020-12-27
202012270rav,NYG,BAL,13,27,False,2020-12-27
202012270sdg,DEN,LAC,16,19,False,2020-12-27
202012270sea,LAR,SEA,9,20,False,2020-12-27
202012270was,CAR,WAS,20,13,False,2020-12-27
202012280nwe,BUF,NWE,38,9,False,2020-12-28
202101030buf,MIA,BUF,26,56,False,2021-01-03
202101030car,NOR,CAR,33,7,False,2021-01-03
202101030chi,GNB,CHI,35,16,False,2021-01-03
202101030cin,BAL,CIN,38,3,False,2021-01-03
202101030cle,PIT,CLE,22,24,False,2021-01-03
202101030clt,JAX,IND,14,28,False,2021-01-03
202101030den,LVR,DEN,32,31,False,2021-01-03
202101030det,MIN,DET,37,35,False,2021-01-03
202101030htx,TEN,HOU,41,38,False,2021-01-03
202101030kan,LAC,KAN,38,21,False,2021-01-03
202101030nwe,NYJ,NWE,14,28,False,2021-01-03
202101030nyg,DAL,NYG,19,23,False,2021-01-03
202101030phi,WAS,PHI,20,14,False,2021-01-03
202101030ram,ARI,LAR,7,18,False,2021-01-03
202101030sfo,SEA,SFO,26,23,False,2021-01-03
202101030tam,ATL,TAM,27,44,False,2021-01-03
202101090buf,IND,BUF,24,27,False,2021-01-09
202101090sea,LAR,SEA,30,20,False,2021-01-09
202101090was,TAM,WAS,31,23,False,2021-01-09
202101100nor,CHI,NOR,9,21,False,2021-01-10
202101100oti,BAL,TEN,20,13,False,2021-01-10
202101100pit,CLE,PIT,48,37,False,2021-01-10
202101160buf,BAL,BUF,3,17,False,2021-01-16
202101160gnb,LAR,GNB,18,32,False,2021-01-16
202101170kan,CLE,KAN,17,22,False,2021-01-17
202101170nor,TAM,NOR,30,20,False,2021-01-17
202101240gnb,TAM,GNB,31,26,False,2021-01-24
202101240kan,BUF,KAN,24,38,False,2021-01-24
202102070tam,TAM,KAN,31,9,False,2021-02-07
202109090tam,DAL,TAM,29,31,False,2021-09-09
202109120atl,PHI,ATL,32,6,False,2021-09-12
202109120buf,PIT,BUF,23,16,False,2021-09-12
202109120car,NYJ,CAR,14,19,False,2021-09-12
202109120cin,MIN,CIN,24,27,True,2021-09-12
202109120clt,SEA,IND,28,16,False,2021-09-12
202109120det,SFO,DET,41,33,False,2021-09-12
202109120htx,JAX,HOU,21,37,False,2021-09-12
202109120kan,CLE,KAN,29,33,False,2021-09-12
202109120nor,GNB,NOR,3,38,False,2021-09-12
202109120nwe,MIA,NWE,17,16,False,2021-09-12
202109120nyg,DEN,NYG,27,13,False,2021-09-12
202109120oti,ARI,TEN,38,13,False,2021-09-12
202109120ram,CHI,LAR,14,34,False,2021-09-12
202109120was,LAC,WAS,20,16,False,2021-09-12
202109130rai,BAL,LVR,27,33,True,2021-09-13
202109160was,NYG,WAS,29,30,False,2021-09-16
202109190car,NOR,CAR,7,26,False,2021-09-19
202109190chi,CIN,CHI,17,20,False,2021-09-19
202109190cle,HOU,CLE,21,31,False,2021-09-19
202109190clt,LAR,IND,27,24,False,2021-09-19
202109190crd,MIN,ARI,33,34,False,2021-09-19
202109190jax,DEN,JAX,23,13,False,2021-09-19
202109190mia,BUF,MIA,35,0,False,2021-09-19
202109190nyj,NWE,NYJ,25,6,False,2021-09-19
202109190phi,SFO,PHI,17,11,False,2021-09-19
202109190pit,LVR,PIT,26,17,False,2021-09-19
202109190rav,KAN,BAL,35,36,False,2021-09-19
202109190sdg,DAL,LAC,20,17,False,2021-09-19
202109190sea,TEN,SEA,33,30,True,2021-09-19
202109190tam,ATL,TAM,25,48,False,2021-09-19
202109200gnb,DET,GNB,17,35,False,2021-09-20
202109230htx,CAR,HOU,24,9,False,2021-09-23
202109260buf,WAS,BUF,21,43,False,2021-09-26
202109260cle,CHI,CLE,6,26,False,2021-09-26
202109260den,NYJ,DEN,0,26,False,2021-09-26
202109260det,BAL,DET,19,17,False,2021-09-26
202109260jax,ARI,JAX,31,19,False,2021-09-26
202109260kan,LAC,KAN,30,24,False,2021-09-26
202109260min,SEA,MIN,17,30,False,2021-09-26
202109260nwe,NOR,NWE,28,13,False,2021-09-26
202109260nyg,ATL,NYG,17,14,False,2021-09-26
202109260oti,IND,TEN,16,25,False,2021-09-26
202109260pit,CIN,PIT,24,10,False,2021-09-26
202109260rai,MIA,LVR,28,31,True,2021-09-26
202109260ram,TAM,LAR,24,34,False,2021-09-26
202109260sfo,GNB,SFO,30,28,False,2021-09-26
202109270dal,PHI,DAL,21,41,False,2021-09-27
202109300cin,JAX,CIN,21,24,False,2021-09-30
202110030atl,WAS,ATL,34,30,False,2021-10-03
202110030buf,HOU,BUF,0,40,False,2021-10-03
202110030chi,DET,CHI,14,24,False,2021-10-03
202110030dal,CAR,DAL,28,36,False,2021-10-03
202110030den,BAL,DEN,23,7,False,2021-10-03
202110030gnb,PIT,GNB,17,27,False,2021-10-03
202110030mia,IND,MIA,27,17,False,2021-10-03
202110030min,CLE,MIN,14,7,False,2021-10-03
202110030nor,NYG,NOR,27,21,True,2021-10-03
202110030nwe,TAM,NWE,19,17,False,2021-10-03
202110030nyj,TEN,NYJ,24,27,True,2021-10-03
202110030phi,KAN,PHI,42,30,False,2021-10-03
202110030ram,ARI,LAR,37,20,False,2021-10-03
202110030sfo,SEA,SFO,28,21,False,2021-10-03
202110040sdg,LVR,LAC,14,28,False,2021-10-04
202110070sea,LAR,SEA,26,17,False,2021-10-07
202110100atl,NYJ,ATL,20,27,False,2021-10-10
202110100car,PHI,CAR,21,18,False,2021-10-10
202110100cin,GNB,CIN,25,22,True,2021-10-10
202110100crd,SFO,ARI,10,17,False,2021-10-10
202110100dal,NYG,DAL,20,44,False,2021-10-10
202110100htx,NWE,HOU,25,22,False,2021-10-10
202110100jax,TEN,JAX,37,19,False,2021-10-10
202110100kan,BUF,KAN,38,20,False,2021-10-10
202110100min,DET,MIN,17,19,False,2021-10-10
202110100pit,DEN,PIT,19,27,False,2021-10-10
202110100rai,CHI,LVR,20,9,False,2021-10-10
202110100sdg,CLE,LAC,42,47,False,2021-10-10
202110100tam,MIA,TAM,17,45,False,2021-10-10
202110100was,NOR,WAS,33,22,False,2021-10-10
202110110rav,IND,BAL,25,31,True,2021-10-11
202110140phi,TAM,PHI,28,22,False,2021-10-14
202110170car,MIN,CAR,34,28,True,2021-10-17
202110170chi,GNB,CHI,24,14,False,2021-10-17
202110170cle,ARI,CLE,37,14,False,2021-10-17
202110170clt,HOU,IND,3,31,False,2021-10-17
202110170den,LVR,DEN,34,24,False,2021-10-17
202110170det,CIN,DET,34,11,False,2021-10-17
202110170jax,MIA,JAX,20,23,False,2021-10-17
202110170nwe,DAL,NWE,35,29,True,2021-10-17
202110170nyg,LAR,NYG,38,11,False,2021-10-17
202110170pit,SEA,PIT,20,23,True,2021-10-17
202110170rav,LAC,BAL,6,34,False,2021-10-17
202110170was,KAN,WAS,31,13,False,2021-10-17
202110180oti,BUF,TEN,31,34,False,2021-10-18
202110210cle,DEN,CLE,14,17,False,2021-10-21
202110240crd,HOU,ARI,5,31,False,2021-10-24
202110240gnb,WAS,GNB,10,24,False,2021-10-24
202110240mia,ATL,MIA,30,28,False,2021-10-24
202110240nwe,NYJ,NWE,13,54,False,2021-10-24
202110240nyg,CAR,NYG,3,25,False,2021-10-24
202110240oti,KAN,TEN,3,27,False,2021-10-24
202110240rai,PHI,LVR,22,33,False,2021-10-24
202110240ram,DET,LAR,19,28,False,2021-10-24
202110240rav,CIN,BAL,41,17,False,2021-10-24
202110240sfo,IND,SFO,30,18,False,2021-10-24
202110240tam,CHI,TAM,3,38,False,2021-10-24
202110250sea,NOR,SEA,13,10,False,2021-10-25
202110280crd,GNB,ARI,24,21,False,2021-10-28
202110310atl,CAR,ATL,19,13,False,2021-10-31
202110310buf,MIA,BUF,11,26,False,2021-10-31
202110310chi,SFO,CHI,33,22,False,2021-10-31
202110310cle,PIT,CLE,15,10,False,2021-10-31
202110310clt,TEN,IND,34,31,True,2021-10-31
202110310den,WAS,DEN,10,17,False,2021-10-31
202110310det,PHI,DET,44,6,False,2021-10-31
202110310htx,LAR,HOU,38,22,False,2021-10-31
202110310min,DAL,MIN,20,16,False,2021-10-31
202110310nor,TAM,NOR,27,36,False,2021-10-31
202110310nyj,CIN,NYJ,31,34,False,2021-10-31
202110310sdg,NWE,LAC,27,24,False,2021-10-31
202110310sea,JAX,SEA,7,31,False,2021-10-31
202111010kan,NYG,KAN,17,20,False,2021-11-01
202111040clt,NYJ,IND,30,45,False,2021-11-04
202111070car,NWE,CAR,24,6,False,2021-11-07
202111070cin,CLE,CIN,41,16,False,2021-11-07
202111070dal,DEN,DAL,30,16,False,2021-11-07
202111070jax,BUF,JAX,6,9,False,2021-11-07
202111070kan,GNB,KAN,7,13,False,2021-11-07
202111070mia,HOU,MIA,9,17,False,2021-11-07
202111070nor,ATL,NOR,27,25,False,2021-11-07
202111070nyg,LVR,NYG,16,23,False,2021-11-07
202111070phi,LAC,PHI,27,24,False,2021-11-07
202111070ram,TEN,LAR,28,16,False,2021-11-07
202111070rav,MIN,BAL,31,34,True,2021-11-07
202111070sfo,ARI,SFO,31,17,False,2021-11-07
202111080pit,CHI,PIT,27,29,False,2021-11-08
202111110mia,BAL,MIA,10,22,False,2021-11-11
202111140clt,JAX,IND,17,23,False,2021-11-14
202111140crd,CAR,ARI,34,10,False,2021-11-14
202111140dal,ATL,DAL,3,43,False,2021-11-14
202111140den,PHI,DEN,30,13,False,2021-11-14
202111140gnb,SEA,GNB,0,17,False,2021-11-14
202111140nwe,CLE,NWE,7,45,False,2021-11-14
202111140nyj,BUF,NYJ,45,17,False,2021-11-14
202111140oti,NOR,TEN,21,23,False,2021-11-14
202111140pit,DET,PIT,16,16,True,2021-11-14
202111140rai,KAN,LVR,41,14,False,2021-11-14
202111140sdg,MIN,LAC,27,20,False,2021-11-14
202111140was,TAM,WAS,19,29,False,2021-11-14
202111150sfo,LAR,SFO,10,31,False,2021-11-15
202111180atl,NWE,ATL,25,0,False,2021-11-18
202111210buf,IND,BUF,41,15,False,2021-11-21
202111210car,WAS,CAR,27,21,False,2021-11-21
202111210chi,BAL,CHI,16,13,False,2021-11-21
202111210cle,DET,CLE,10,13,False,2021-11-21
202111210jax,SFO,JAX,30,10,False,2021-11-21
202111210kan,DAL,KAN,9,19,False,2021-11-21
202111210min,GNB,MIN,31,34,False,2021-11-21
202111210nyj,MIA,NYJ,24,17,False,2021-11-21
202111210oti,HOU,TEN,22,13,False,2021-11-21
202111210phi,NOR,PHI,29,40,False,2021-11-21
202111210rai,CIN,LVR,32,13,False,2021-11-21
202111210sdg,PIT,LAC,37,41,False,2021-11-21
202111210sea,ARI,SEA,23,13,False,2021-11-21
202111220tam,NYG,TAM,10,30,False,2021-11-22
202111250dal,LVR,DAL,36,33,True,2021-11-25
202111250det,CHI,DET,16,14,False,2021-11-25
202111250nor,BUF,NOR,31,6,False,2021-11-25
202111280cin,PIT,CIN,10,41,False,2021-11-28
202111280clt,TAM,IND,38,31,False,2021-11-28
202111280den,LAC,DEN,13,28,False,2021-11-28
202111280gnb,LAR,GNB,28,36,False,2021-11-28
202111280htx,NYJ,HOU,21,14,False,2021-11-28
202111280jax,ATL,JAX,21,14,False,2021-11-28
202111280mia,CAR,MIA,10,33,False,2021-11-28
202111280nwe,TEN,NWE,13,36,False,2021-11-28
202111280nyg,PHI,NYG,7,13,False,2021-11-28
202111280rav,CLE,BAL,10,16,False,2021-11-28
202111280sfo,MIN,SFO,26,34,False,2021-11-28
202111290was,SEA,WAS,15,17,False,2021-11-29
202112020nor,DAL,NOR,27,17,False,2021-12-02
202112050atl,TAM,ATL,30,17,False,2021-12-05
202112050chi,ARI,CHI,33,22,False,2021-12-05
202112050cin,LAC,CIN,41,22,False,2021-12-05
202112050det,MIN,DET,27,29,False,2021-12-05
202112050htx,IND,HOU,31,0,False,2021-12-05
202112050kan,DEN,KAN,9,22,False,2021-12-05
202112050mia,NYG,MIA,9,20,False,2021-12-05
202112050nyj,PHI,NYJ,33,18,False,2021-12-05
202112050pit,BAL,PIT,19,20,False,2021-12-05
202112050rai,WAS,LVR,17,15,False,2021-12-05
202112050ram,JAX,LAR,7,37,False,2021-12-05
202112050sea,SFO,SEA,23,30,False,2021-12-05
202112060buf,NWE,BUF,14,10,False,2021-12-06
202112090min,PIT,MIN,28,36,False,2021-12-09
202112120car,ATL,CAR,29,21,False,2021-12-12
202112120cin,SFO,CIN,26,23,True,2021-12-12
202112120cle,BAL,CLE,22,24,False,2021-12-12
202112120den,DET,DEN,10,38,False,2021-12-12
202112120gnb,CHI,GNB,30,45,False,2021-12-12
202112120htx,SEA,HOU,33,13,False,2021-12-12
202112120kan,LVR,KAN,9,48,False,2021-12-12
202112120nyj,NOR,NYJ,30,9,False,2021-12-12
202112120oti,JAX,TEN,0,20,False,2021-12-12
202112120sdg,NYG,LAC,21,37,False,2021-12-12
202112120tam,BUF,TAM,27,33,True,2021-12-12
202112120was,DAL,WAS,27,20,False,2021-12-12
202112130crd,LAR,ARI,30,23,False,2021-12-13
202112160sdg,KAN,LAC,34,28,True,2021-12-16
202112180clt,NWE,IND,17,27,False,2021-12-18
202112190buf,CAR,BUF,14,31,False,2021-12-19
202112190den,CIN,DEN,15,10,False,2021-12-19
202112190det,ARI,DET,12,30,False,2021-12-19
202112190jax,HOU,JAX,30,16,False,2021-12-19
202112190mia,NYJ,MIA,24,31,False,2021-12-19
202112190nyg,DAL,NYG,21,6,False,2021-12-19
202112190pit,TEN,PIT,13,19,False,2021-12-19
202112190rav,GNB,BAL,31,30,False,2021-12-19
202112190sfo,ATL,SFO,13,31,False,2021-12-19
202112190tam,NOR,TAM,9,0,False,2021-12-19
202112200chi,MIN,CHI,17,9,False,2021-12-20
202112200cle,LVR,CLE,16,14,False,2021-12-20
202112210phi,WAS,PHI,17,27,False,2021-12-21
202112210ram,SEA,LAR,10,20,False,2021-12-21
202112230oti,SFO,TEN,17,20,False,2021-12-23
202112250crd,IND,ARI,22,16,False,2021-12-25
202112250gnb,CLE,GNB,22,24,False,2021-12-25
202112260atl,DET,ATL,16,20,False,2021-12-26
202112260car,TAM,CAR,32,6,False,2021-12-26
202112260cin,BAL,CIN,21,41,False,2021-12-26
202112260dal,WAS,DAL,14,56,False,2021-12-26
202112260htx,LAC,HOU,29,41,False,2021-12-26
202112260kan,PIT,KAN,10,36,False,2021-12-26
202112260min,LAR,MIN,30,23,False,2021-12-26
202112260nwe,BUF,NWE,33,21,False,2021-12-26
202112260nyj,JAX,NYJ,21,26,False,2021-12-26
202112260phi,NYG,PHI,10,34,False,2021-12-26
202112260rai,DEN,LVR,13,17,False,2021-12-26
202112260sea,CHI,SEA,25,24,False,2021-12-26
202112270nor,MIA,NOR,20,3,False,2021-12-27
202201020buf,ATL,BUF,15,29,False,2022-01-02
202201020chi,NYG,CHI,3,29,False,2022-01-02
202201020cin,KAN,CIN,31,34,False,2022-01-02
202201020clt,LVR,IND,23,20,False,2022-01-02
202201020dal,ARI,DAL,25,22,False,2022-01-02
202201020gnb,MIN,GNB,10,37,False,2022-01-02
202201020nor,CAR,NOR,10,18,False,2022-01-02
202201020nwe,JAX,NWE,10,50,False,2022-01-02
202201020nyj,TAM,NYJ,28,24,False,2022-01-02
202201020oti,MIA,TEN,3,34,False,2022-01-02
202201020rav,LAR,BAL,20,19,False,2022-01-02
202201020sdg,DEN,LAC,13,34,False,2022-01-02
202201020sea,DET,SEA,29,51,False,2022-01-02
202201020sfo,HOU,SFO,7,23,False,2022-01-02
202201020was,PHI,WAS,20,16,False,2022-01-02
202201030pit,CLE,PIT,14,26,False,2022-01-03
202201080den,KAN,DEN,28,24,False,2022-01-08
202201080phi,DAL,PHI,51,26,False,2022-01-08
202201090atl,NOR,ATL,30,20,False,2022-01-09
202201090buf,NYJ,BUF,10,27,False,2022-01-09
202201090cle,CIN,CLE,16,21,False,2022-01-09
202201090crd,SEA,ARI,38,30,False,2022-01-09
202201090det,GNB,DET,30,37,False,2022-01-09
202201090htx,TEN,HOU,28,25,False,2022-01-09
202201090jax,IND,JAX,11,26,False,2022-01-09
202201090mia,NWE,MIA,24,33,False,2022-01-09
202201090min,CHI,MIN,17,31,False,2022-01-09
202201090nyg,WAS,NYG,22,7,False,2022-01-09
202201090rai,LAC,LVR,32,35,True,2022-01-09
202201090ram,SFO,LAR,27,24,True,2022-01-09
202201090rav,PIT,BAL,16,13,True,2022-01-09
202201090tam,CAR,TAM,17,41,False,2022-01-09
202201150buf,NWE,BUF,17,47,False,2022-01-15
202201150cin,LVR,CIN,19,26,False,2022-01-15
202201160dal,SFO,DAL,23,17,False,2022-01-16
202201160kan,PIT,KAN,21,42,False,2022-01-16
202201160tam,PHI,TAM,15,31,False,2022-01-16
202201170ram,ARI,LAR,11,34,False,2022-01-17
202201220gnb,SFO,GNB,13,10,False,2022-01-22
202201220oti,CIN,TEN,19,16,False,2022-01-22
202201230kan,BUF,KAN,36,42,True,2022-01-23
202201230tam,LAR,TAM,30,27,False,2022-01-23
202201300kan,CIN,KAN,27,24,True,2022-01-30
202201300ram,SFO,LAR,17,20,False,2022-01-30
202202130cin,LAR,CIN,23,20,False,2022-02-13
202209080ram,BUF,LAR,31,10,False,2022-09-08
202209110atl,NOR,ATL,27,26,False,2022-09-11
202209110car,CLE,CAR,26,24,False,2022-09-11
202209110chi,SFO,CHI,10,19,False,2022-09-11
202209110cin,PIT,CIN,23,20,True,2022-09-11
202209110crd,KAN,ARI,44,21,False,2022-09-11
202209110dal,TAM,DAL,19,3,False,2022-09-11
202209110det,PHI,DET,38,35,False,2022-09-11
202209110htx,IND,HOU,20,20,True,2022-09-11
202209110mia,NWE,MIA,7,20,False,2022-09-11
202209110min,GNB,MIN,7,23,False,2022-09-11
202209110nyj,BAL,NYJ,24,9,False,2022-09-11
202209110oti,NYG,TEN,21,20,False,2022-09-11
202209110sdg,LVR,LAC,19,24,False,2022-09-11
202209110was,JAX,ERROR - abbrev_team,22,28,False,2022-09-11
202209120sea,DEN,SEA,16,17,False,2022-09-12
202209150kan,LAC,KAN,24,27,False,2022-09-15
202209180cle,NYJ,CLE,31,30,False,2022-09-18
202209180dal,CIN,DAL,17,20,False,2022-09-18
202209180den,HOU,DEN,9,16,False,2022-09-18
202209180det,ERROR - abbrev_team,DET,27,36,False,2022-09-18
202209180gnb,CHI,GNB,10,27,False,2022-09-18
202209180jax,IND,JAX,0,24,False,2022-09-18
202209180nor,TAM,NOR,20,10,False,2022-09-18
202209180nyg,CAR,NYG,16,19,False,2022-09-18
202209180pit,NWE,PIT,17,14,False,2022-09-18
202209180rai,ARI,LVR,29,23,True,2022-09-18
202209180ram,ATL,LAR,27,31,False,2022-09-18
202209180rav,MIA,BAL,42,38,False,2022-09-18
202209180sfo,SEA,SFO,7,27,False,2022-09-18
202209190buf,TEN,BUF,7,41,False,2022-09-19
202209190phi,MIN,PHI,7,24,False,2022-09-19
202209220cle,PIT,CLE,17,29,False,2022-09-22
202209250car,NOR,CAR,14,22,False,2022-09-25
202209250chi,HOU,CHI,20,23,False,2022-09-25
202209250clt,KAN,IND,17,20,False,2022-09-25
202209250crd,LAR,ARI,20,12,False,2022-09-25
202209250den,SFO,DEN,10,11,False,2022-09-25
202209250mia,BUF,MIA,19,21,False,2022-09-25
202209250min,DET,MIN,24,28,False,2022-09-25
202209250nwe,BAL,NWE,37,26,False,2022-09-25
202209250nyj,CIN,NYJ,27,12,False,2022-09-25
202209250oti,LVR,TEN,22,24,False,2022-09-25
202209250sdg,JAX,LAC,38,10,False,2022-09-25
202209250sea,ATL,SEA,27,23,False,2022-09-25
202209250tam,GNB,TAM,14,12,False,2022-09-25
202209250was,PHI,ERROR - abbrev_team,24,8,False,2022-09-25
202209260nyg,DAL,NYG,23,16,False,2022-09-26
202209290cin,MIA,CIN,15,27,False,2022-09-29
202210020atl,CLE,ATL,20,23,False,2022-10-02
202210020car,ARI,CAR,26,16,False,2022-10-02
202210020clt,TEN,IND,24,17,False,2022-10-02
202210020dal,ERROR - abbrev_team,DAL,10,25,False,2022-10-02
202210020det,SEA,DET,48,45,False,2022-10-02
202210020gnb,NWE,GNB,24,27,True,2022-10-02
202210020htx,LAC,HOU,34,24,False,2022-10-02
202210020nor,MIN,NOR,28,25,False,2022-10-02
202210020nyg,CHI,NYG,12,20,False,2022-10-02
202210020phi,JAX,PHI,21,29,False,2022-10-02
202210020pit,NYJ,PIT,24,20,False,2022-10-02
202210020rai,DEN,LVR,23,32,False,2022-10-02
202210020rav,BUF,BAL,23,20,False,2022-10-02
202210020tam,KAN,TAM,41,31,False,2022-10-02
202210030sfo,LAR,SFO,9,24,False,2022-10-03
202210060den,IND,DEN,12,9,True,2022-10-06
202210090buf,PIT,BUF,3,38,False,2022-10-09
202210090car,SFO,CAR,37,15,False,2022-10-09
202210090cle,LAC,CLE,30,28,False,2022-10-09
202210090crd,PHI,ARI,20,17,False,2022-10-09
202210090gnb,NYG,GNB,27,22,False,2022-10-09
202210090jax,HOU,JAX,13,6,False,2022-10-09
202210090min,CHI,MIN,22,29,False,2022-10-09
202210090nor,SEA,NOR,32,39,False,2022-10-09
202210090nwe,DET,NWE,0,29,False,2022-10-09
202210090nyj,MIA,NYJ,17,40,False,2022-10-09
202210090ram,DAL,LAR,22,10,False,2022-10-09
202210090rav,CIN,BAL,17,19,False,2022-10-09
202210090tam,ATL,TAM,15,21,False,2022-10-09
202210090was,TEN,ERROR - abbrev_team,21,17,False,2022-10-09
202210100kan,LVR,KAN,29,30,False,2022-10-10
202210130chi,ERROR - abbrev_team,CHI,12,7,False,2022-10-13
202210160atl,SFO,ATL,14,28,False,2022-10-16
202210160cle,NWE,CLE,38,15,False,2022-10-16
202210160clt,JAX,IND,27,34,False,2022-10-16
202210160gnb,NYJ,GNB,27,10,False,2022-10-16
202210160kan,BUF,KAN,24,20,False,2022-10-16
202210160mia,MIN,MIA,24,16,False,2022-10-16
202210160nor,CIN,NOR,30,26,False,2022-10-16
202210160nyg,BAL,NYG,20,24,False,2022-10-16
202210160phi,DAL,PHI,17,26,False,2022-10-16
202210160pit,TAM,PIT,18,20,False,2022-10-16
202210160ram,CAR,LAR,10,24,False,2022-10-16
202210160sea,ARI,SEA,9,19,False,2022-10-16
202210170sdg,DEN,LAC,16,19,True,2022-10-17
202210200crd,NOR,ARI,34,42,False,2022-10-20
202210230car,TAM,CAR,3,21,False,2022-10-23
202210230cin,ATL,CIN,17,35,False,2022-10-23
202210230dal,DET,DAL,6,24,False,2022-10-23
202210230den,NYJ,DEN,16,9,False,2022-10-23
202210230jax,NYG,JAX,23,17,False,2022-10-23
202210230mia,PIT,MIA,10,16,False,2022-10-23
202210230oti,IND,TEN,10,19,False,2022-10-23
202210230rai,HOU,LVR,20,38,False,2022-10-23
202210230rav,CLE,BAL,20,23,False,2022-10-23
202210230sdg,SEA,LAC,37,23,False,2022-10-23
202210230sfo,KAN,SFO,44,23,False,2022-10-23
202210230was,GNB,ERROR - abbrev_team,21,23,False,2022-10-23
202210240nwe,CHI,NWE,33,14,False,2022-10-24
202210270tam,BAL,TAM,27,22,False,2022-10-27
202210300atl,CAR,ATL,34,37,True,2022-10-30
202210300buf,GNB,BUF,17,27,False,2022-10-30
202210300clt,ERROR - abbrev_team,IND,17,16,False,2022-10-30
202210300dal,CHI,DAL,29,49,False,2022-10-30
202210300det,MIA,DET,31,27,False,2022-10-30
202210300htx,TEN,HOU,17,10,False,2022-10-30
202210300jax,DEN,JAX,21,17,False,2022-10-30
202210300min,ARI,MIN,26,34,False,2022-10-30
202210300nor,LVR,NOR,0,24,False,2022-10-30
202210300nyj,NWE,NYJ,22,17,False,2022-10-30
202210300phi,PIT,PHI,13,35,False,2022-10-30
202210300ram,SFO,LAR,31,14,False,2022-10-30
202210300sea,NYG,SEA,13,27,False,2022-10-30
202210310cle,CIN,CLE,13,32,False,2022-10-31
202211030htx,PHI,HOU,29,17,False,2022-11-03
202211060atl,LAC,ATL,20,17,False,2022-11-06
202211060chi,MIA,CHI,35,32,False,2022-11-06
202211060cin,CAR,CIN,21,42,False,2022-11-06
202211060crd,SEA,ARI,31,21,False,2022-11-06
202211060det,GNB,DET,9,15,False,2022-11-06
202211060jax,LVR,JAX,20,27,False,2022-11-06
202211060kan,TEN,KAN,17,20,True,2022-11-06
202211060nwe,IND,NWE,3,26,False,2022-11-06
202211060nyj,BUF,NYJ,17,20,False,2022-11-06
202211060tam,LAR,TAM,13,16,False,2022-11-06
202211060was,MIN,ERROR - abbrev_team,20,17,False,2022-11-06
202211070nor,BAL,NOR,27,13,False,2022-11-07
202211100car,ATL,CAR,15,25,False,2022-11-10
202211130buf,MIN,BUF,33,30,True,2022-11-13
202211130chi,DET,CHI,31,30,False,2022-11-13
202211130gnb,DAL,GNB,28,31,True,2022-11-13
202211130kan,JAX,KAN,17,27,False,2022-11-13
202211130mia,CLE,MIA,17,39,False,2022-11-13
202211130nyg,HOU,NYG,16,24,False,2022-11-13
202211130oti,DEN,TEN,10,17,False,2022-11-13
202211130pit,NOR,PIT,10,20,False,2022-11-13
202211130rai,IND,LVR,25,20,False,2022-11-13
202211130ram,ARI,LAR,27,17,False,2022-11-13
202211130sfo,LAC,SFO,16,22,False,2022-11-13
202211130tam,SEA,TAM,16,21,False,2022-11-13
202211140phi,ERROR - abbrev_team,PHI,32,21,False,2022-11-14
202211170gnb,TEN,GNB,27,17,False,2022-11-17
202211200atl,CHI,ATL,24,27,False,2022-11-20
202211200buf,CLE,BUF,23,31,False,2022-11-20
202211200clt,PHI,IND,17,16,False,2022-11-20
202211200den,LVR,DEN,22,16,True,2022-11-20
202211200htx,ERROR - abbrev_team,HOU,23,10,False,2022-11-20
202211200min,DAL,MIN,40,3,False,2022-11-20
202211200nor,LAR,NOR,20,27,False,2022-11-20
202211200nwe,NYJ,NWE,3,10,False,2022-11-20
202211200nyg,DET,NYG,31,18,False,2022-11-20
202211200pit,CIN,PIT,37,30,False,2022-11-20
202211200rav,CAR,BAL,3,13,False,2022-11-20
202211200sdg,KAN,LAC,30,27,False,2022-11-20
202211210crd,SFO,ARI,38,10,False,2022-11-21
202211240dal,NYG,DAL,20,28,False,2022-11-24
202211240det,BUF,DET,28,25,False,2022-11-24
202211240min,NWE,MIN,26,33,False,2022-11-24
202211270car,DEN,CAR,10,23,False,2022-11-27
202211270cle,TAM,CLE,17,23,True,2022-11-27
202211270crd,LAC,ARI,25,24,False,2022-11-27
202211270jax,BAL,JAX,27,28,False,2022-11-27
202211270kan,LAR,KAN,10,26,False,2022-11-27
202211270mia,HOU,MIA,15,30,False,2022-11-27
202211270nyj,CHI,NYJ,10,31,False,2022-11-27
202211270oti,CIN,TEN,20,16,False,2022-11-27
202211270phi,GNB,PHI,33,40,False,2022-11-27
202211270sea,LVR,SEA,40,34,True,2022-11-27
202211270sfo,NOR,SFO,0,13,False,2022-11-27
202211270was,ATL,ERROR - abbrev_team,13,19,False,2022-11-27
202211280clt,PIT,IND,24,17,False,2022-11-28
202212010nwe,BUF,NWE,24,10,False,2022-12-01
202212040atl,PIT,ATL,19,16,False,2022-12-04
202212040chi,GNB,CHI,28,19,False,2022-12-04
202212040cin,KAN,CIN,24,27,False,2022-12-04
202212040dal,IND,DAL,19,54,False,2022-12-04
202212040det,JAX,DET,14,40,False,2022-12-04
202212040htx,CLE,HOU,27,14,False,2022-12-04
202212040min,NYJ,MIN,22,27,False,2022-12-04
202212040nyg,ERROR - abbrev_team,NYG,20,20,True,2022-12-04
202212040phi,TEN,PHI,10,35,False,2022-12-04
202212040rai,LAC,LVR,20,27,False,2022-12-04
202212040ram,SEA,LAR,27,23,False,2022-12-04
202212040rav,DEN,BAL,9,10,False,2022-12-04
202212040sfo,MIA,SFO,17,33,False,2022-12-04
202212050tam,NOR,TAM,16,17,False,2022-12-05
202212080ram,LVR,LAR,16,17,False,2022-12-08
202212110buf,NYJ,BUF,12,20,False,2022-12-11
202212110cin,CLE,CIN,10,23,False,2022-12-11
202212110dal,HOU,DAL,23,27,False,2022-12-11
202212110den,KAN,DEN,34,28,False,2022-12-11
202212110det,MIN,DET,23,34,False,2022-12-11
202212110nyg,PHI,NYG,48,22,False,2022-12-11
202212110oti,JAX,TEN,36,22,False,2022-12-11
202212110pit,BAL,PIT,16,14,False,2022-12-11
202212110sdg,MIA,LAC,17,23,False,2022-12-11
202212110sea,CAR,SEA,30,24,False,2022-12-11
202212110sfo,TAM,SFO,7,35,False,2022-12-11
202212120crd,NWE,ARI,27,13,False,2022-12-12
202212150sea,SFO,SEA,21,13,False,2022-12-15
202212170buf,MIA,BUF,29,32,False,2022-12-17
202212170cle,BAL,CLE,3,13,False,2022-12-17
202212170min,IND,MIN,36,39,True,2022-12-17
202212180car,PIT,CAR,24,16,False,2022-12-18
202212180chi,PHI,CHI,25,20,False,2022-12-18
202212180den,ARI,DEN,15,24,False,2022-12-18
202212180htx,KAN,HOU,30,24,True,2022-12-18
202212180jax,DAL,JAX,34,40,True,2022-12-18
202212180nor,ATL,NOR,18,21,False,2022-12-18
202212180nyj,DET,NYJ,20,17,False,2022-12-18
202212180rai,NWE,LVR,24,30,False,2022-12-18
202212180sdg,TEN,LAC,14,17,False,2022-12-18
202212180tam,CIN,TAM,34,23,False,2022-12-18
202212180was,NYG,ERROR - abbrev_team,20,12,False,2022-12-18
202212190gnb,LAR,GNB,12,24,False,2022-12-19
202212220nyj,JAX,NYJ,19,3,False,2022-12-22
202212240car,DET,CAR,23,37,False,2022-12-24
202212240chi,BUF,CHI,35,13,False,2022-12-24
202212240cle,NOR,CLE,17,10,False,2022-12-24
202212240dal,PHI,DAL,34,40,False,2022-12-24
202212240kan,SEA,KAN,10,24,False,2022-12-24
202212240min,NYG,MIN,24,27,False,2022-12-24
202212240nwe,CIN,NWE,22,18,False,2022-12-24
202212240oti,HOU,TEN,19,14,False,2022-12-24
202212240pit,LVR,PIT,10,13,False,2022-12-24
202212240rav,ATL,BAL,9,17,False,2022-12-24
202212240sfo,ERROR - abbrev_team,SFO,20,37,False,2022-12-24
202212250crd,TAM,ARI,19,16,True,2022-12-25
202212250mia,GNB,MIA,26,20,False,2022-12-25
202212250ram,DEN,LAR,14,51,False,2022-12-25
202212260clt,LAC,IND,20,3,False,2022-12-26
202212290oti,DAL,TEN,27,13,False,2022-12-29
202301010atl,ARI,ATL,19,20,False,2023-01-01
202301010det,CHI,DET,10,41,False,2023-01-01
202301010gnb,MIN,GNB,17,41,False,2023-01-01
202301010htx,JAX,HOU,31,3,False,2023-01-01
202301010kan,DEN,KAN,24,27,False,2023-01-01
202301010nwe,MIA,NWE,21,23,False,2023-01-01
202301010nyg,IND,NYG,10,38,False,2023-01-01
202301010phi,NOR,PHI,20,10,False,2023-01-01
202301010rai,SFO,LVR,37,34,True,2023-01-01
202301010rav,PIT,BAL,16,13,False,2023-01-01
202301010sdg,LAR,LAC,10,31,False,2023-01-01
202301010sea,NYJ,SEA,6,23,False,2023-01-01
202301010tam,CAR,TAM,24,30,False,2023-01-01
202301010was,CLE,ERROR - abbrev_team,24,10,False,2023-01-01
202301070jax,TEN,JAX,16,20,False,2023-01-07
202301070rai,KAN,LVR,31,13,False,2023-01-07
202301080atl,TAM,ATL,17,30,False,2023-01-08
202301080buf,NWE,BUF,23,35,False,2023-01-08
202301080chi,MIN,CHI,29,13,False,2023-01-08
202301080cin,BAL,CIN,16,27,False,2023-01-08
202301080clt,HOU,IND,32,31,False,2023-01-08
202301080den,LAC,DEN,28,31,False,2023-01-08
202301080gnb,DET,GNB,20,16,False,2023-01-08
202301080mia,NYJ,MIA,6,11,False,2023-01-08
202301080nor,CAR,NOR,10,7,False,2023-01-08
202301080phi,NYG,PHI,16,22,False,2023-01-08
202301080pit,CLE,PIT,14,28,False,2023-01-08
202301080sea,LAR,SEA,16,19,True,2023-01-08
202301080sfo,ARI,SFO,13,38,False,2023-01-08
202301080was,DAL,ERROR - abbrev_team,6,26,False,2023-01-08
